5393529473,周杰伦国际后援会Jay2u,男,台湾,197,4408555153210036,#周杰伦#   安徽蚌埠群星演唱会 时间：8月31日 地点：蚌埠市体育中心体育馆 来不及了快上车     团票群见图2  @周杰伦安徽地区歌迷会
6275217750,青柠的涩com,女,,200,4409509231332118,好声音中周杰伦:我也是很迷恋自己的歌曲的！    我说:我也很迷恋你的歌曲呢
2927861873,lin-怡琳,女,福建,199,4409126601972749,#新闻超话#   @照片里的海  这个是骗子，微博跟我说有粉丝团购价买演唱会门票，周杰伦厦门站，结果骗了我1800，qq拉黑我，微博拉黑我，他的qq号931389972。他的银行卡号和名字6212261608010116357 蔡伟 工商，求新闻，多媒体能够看到。，谢谢！
6359681724,千岛无风,女,青海,200,4407818297446564,我也想要一条全是周董歌词的微博置顶
7239846902,依然范特西AD,男,广东,,4409509591695350,互捞互捞互捞秒回秒回秒回
1510603111,肥羊在北半球,女,北京,199,4407818285044665,杭州900想换上海同或低价位！！！
3917797699,流浪诗人xback,女,四川,,4407818091977355,日系男孩出没
5625669511,JustinBiebo,男,浙江,,4407817949292432,出一张杭州900看台票
3510246667,彤彤嘚布嘚,女,山东,199,4407817752881695,好想回到那个全场大合唱告白气球的夏天
7251799252,开挖机的土木工程师,男,广西,199,4407817752878395,这次杭州站没抢到票，呜呜呜，别问我了，桑心😷 😷 😷
5716061302,太阳被我捏圆了Zz,女,,,4407817735410545,猜这是哪首歌里的歌词
2185932080,小牛几,女,福建,,4407817690100399,姐妹们捞捞瓦！！
2157358295,周佳小慧子Kk,女,,199,4407817588527328,求11.17周杰伦黄龙两张900连座，带价来。
2027501503,梦见果冻冻冻冻,女,湖北,,4407817270078664,有六级没过的杰迷吗，来个视频治愈你～看完绝对笑～      不开心就去超市听好消息
1945741537,李白白花,女,广东,,4407817203431520,有经验在ticketcharge上买票要怎么领取？
5995862177,萌萌哒之家,女,,201,4407817111249981,真的太难了
6382940241,L无与伦比Jay,男,河南,199,4407817077460888,河南·三门峡——卢氏 “还记得你说家是唯一的城堡，随着稻香河流继续奔跑，微微笑，小时候的梦我知道……回家吧，回到最初的美好……” 这里没有稻香，不过有河流，有小时候的梦，有我在意的人
6282501031,用户不在联系区域,男,,,4407817034819497,有小可爱想去看的吗？             #周杰伦演唱会#
1862757233,Amy-zero,女,山东,199,4407816552735024,无与伦比！周杰伦！周杰伦！无与伦比！周杰伦！
5713694791,绞尽脑汁想想想,女,浙江,,4407816498502514,啊哈哈哈 我来嘚瑟下 抢到周杰伦演唱会的门票了
6616625348,格桑思密达,女,,,4407816418381599,日常签到打卡。求互捞，互评！
5417061455,JHathaway_,男,,199,4407816405766135,#周杰伦演唱会#    今年怕是要断了
5249272564,膜拜这个世界的无理取闹,男,浙江,199,4407816297277065,从前从前有个人爱你很久，但偏偏风渐渐把距离吹得好远
2721418127,周杰伦的铁粉Jay,男,北京,199,4407816091916712,不容易呀🧐🧐🧐
2145161217,方方方禾呈,女,湖北,199,4407815915359922,坚决抵制黄牛，谁买黄牛谁是狗    完全抢不到
5104003589,猫耳的悦颜,女,江苏,199,4407815814733647,纪念第一次做完完整打榜，真心觉得太难了，我做到了
2721418127,周杰伦的铁粉Jay,男,北京,199,4407815735513390,超话粉丝大咖
7276415414,可是我真的很想睡觉啊,男,浙江,199,4407815554917505,黄牛，nmsl
1633514234,荣华_me,女,北京,199,4407815298391967,求捞一捞
2624484723,開jay不了口,男,台湾,199,4407815047406166,哈哈哈，杰伦的嘴
3453311020,是你阿-,女,,199,4407815013458539,超级期待杰伦今年的全新演唱会 一直害怕郑州站会没有场次 别的城市只要开抢就是秒没的状态啊 想看我伦的演唱会也太难了   !!!!
6051796766,Hogen等风来,男,河南,199,4407814891835724,周杰伦:JJ下午再去喝奶茶吧。 JJ:好啊     周杰伦:歌录完没？ JJ:发了     周杰伦:算了，我去找阿信了
5294935149,手机里没有浪漫,女,浙江,199,4407814891833487,想看的抢不到，抢到的不想看高价转卖，还有没票的冒充有票趁火打劫...真的太难了
3532887382,巴黎雪人90,女,上海,,4407814803834689,粉丝们，没钱，我咋去看爱豆的演唱会啊  #周杰伦#    #周杰伦演唱会#   心里有点难受
5176476885,傲娇长颈鹿鹿鹿,女,,,4407814422468124,太难了，       真的太难了，想看场演唱会怎么这么难！       你们都是怎么抢到的签哇？
3282098002,郁杨先抑,女,浙江,199,4407813893338536,
2276312250,囍囍_ZhAng,女,浙江,200,4407813625280031,大家11月 杭州见呀！！！！
2607118403,____EviL金,女,湖南,199,4407813448836641,没抢到长沙演唱会的票😂可是我抢到了杭州演唱会的票✌️ 陪爱人看一场周杰伦演唱会
1960521933,朱彤啊,女,安徽,,4407813427826369,我太生气了，南京没抢到，杭州没抢到，我也不知道是别人吹牛还是真的这样，反正我抵制黄牛   告辞，依然爱杰伦
5912538369,奶茶吨吨wu,女,,,4407813386633991,下班啦
5237045899,刘文lwlw,女,,199,4407813352871463,垃圾软件现在都给我写个未开售！ 谁有票！  超想哭的
5844136195,音乐纪,男,山东,,4407812757043270,《一路向北》现场版，用歌声带着你一路向北，像一首名叫自己的小诗，孤独又强烈。炙热飞舞的花火，夺目不灭的星空，恣意洒脱的歌谣，一路向北，彼岸都是故事该有的结尾      #周杰伦演唱会#           音乐纪的微博视频
2267153632,-无良青年-,男,福建,200,4407812555881062,军训 训练的时候偷偷溜出来抢票 差两秒按下确认付款  页面就崩溃了 再然后就没票了  我太难了 我真的太难了
2160045667,简凉夏,女,浙江,,4407812547765342,对不起 没有抢到演唱会门票
2461403445,Jay先生很傲娇,女,浙江,198,4407812509555119,你的嘴角   微微上翘
6427388096,娱乐小剧人,男,福建,,4407812475934074,#周杰伦杭州演唱会#   想看一次周杰伦演唱会真的不容易啊
2320350505,MoonGirll,女,浙江,199,4407812278538366,太难了  抢票抢的心累 感觉这辈子都去不了小公举的演唱会了
6623266232,养乐多还单身,女,,198,4407812135894087,8-21运动打卡第5天，姐姐我真不容易啊，今天周杰伦演唱会门票依旧没有抢到
5674533568,Yisu_44299,女,北京,199,4407811918182662,北京北京北京北京北京北京北京北京北京北京北京北京北京
5844136195,音乐纪,男,山东,,4407811654474184,#周杰伦演唱会#   《世界末日+困兽之斗+爱在西元前+止战之殇》，在明明暗暗的光里，只有清澈的嗓音与简单干净的吉他声，曲终的千回百转，是那段名为“周杰伦”的青涩时光      #华语MV#    #MV混剪#        音乐纪的微博视频
6344979039,娱乐荣哥,男,北京,199,4407811506724025,#周杰伦杭州演唱会#  想看周杰伦一次演唱会真的太难了 一票难求
1848404811,保护我方QQ月,女,山东,199,4407811427106924,我也想要个都是歌词的微博，有没有济南场约的
5265057126,哎呦DJ的甜甜圈_不熬夜的甜甜圈,女,,201,4407811028903321,“你以为骂骂人讽讽时事就是饶舌歌手了，这又不是北美东岸” （各位鼠来宝不配自称黑🥰 骂人更不对 “希望幕后操盘者懂点事哦”（专辑销量榜呢 宁就别买了哦 “就是老子一辈子都不会有瓶颈”（有些“老杰迷”就不要发些乱七八糟的东西了 “全名是你能叫的吗”（狗仔宁真的不配哦 有人 ... 全文
2998688511,丸纸de欧尼,女,江苏,199,4407810999371183,黄牛恶心 骗子更恶心
1440561484,田小欣127,女,浙江,198,4407810953931275,哎～一直刷到四点钟都没抢到，叫了好几个朋友都全军覆没。太累了。三年没有看，想看一场怎么那么难！    只是又想看看他，听听那些一直陪伴我的歌。
5252548479,Lollipop杰伦,男,台湾,199,4407810773737067,1000天了
2235534092,Criska____,男,江苏,199,4407810663972432,杭州站以抢票失败而告终，哎！
7061899205,Lemonument,男,河南,199,4407810605387984,在杰伦的超话下痛骂黄牛出了门进了别人的超话自己就当起了牛 遇见自己喜欢的电影不惜去电影院多刷但是换了一部电影便疯狂找枪版 口口声声说支持原创维护版权但也会为了省点钱往返百度云与迅雷 大家都愿意为自己喜欢的明星，影视等等花钱 但好像从没有人自始至终对同一个群体贯彻同一个 ... 全文
5487365174,啊梦妹儿,女,河北,,4407809569883321,所以我是有钱也买不到演唱会门票… 可怜我和小舅两个人一张都没有抢到… （ps：在此我想说那些刚抢到票就在各大app上发动态说什么 有事去不了 要参加考试 帮朋友同事抢的 还有更夸张的我就是试了试没想到居然抢上了… 多蹩脚的理由 私信一问都是高价出 好 退一万步讲 你抢票也不容易 我 ... 全文
3101789521,成都娱乐家,男,四川,,4407809317609033,#周杰伦演唱会#  小调查：一人说几首最想在周杰伦演唱会上听到的歌曲！
1842172357,向日葵心里的小阳光l,女,浙江,,4407809208590410,次次抢，次次抢不不到的血泪史      兄弟姐妹们，抱团哭
1596209325,YOGA哩哩,女,浙江,,4407808990974163,妈蛋，抢不到票啊！没有一次能抢到的，什么鬼啊，气炸！
2678580044,404_NtFind,男,浙江,199,4407808990756165,ball ball 你们了，有没有杭州看台的票？给孩子一张了吧
7112154161,郭歡囍,女,上海,,4407808910937658,是我输了
2182366800,是杰伦呐-,女,,,4407808852329750,#周杰伦#    jf贴 让我们乘着阳光 海上冲浪 吸引她目光 不要怕露出胸膛 流一点汗 你成了型男🌊 让我们乘着阳光 看着远方 别当路人甲 让美女缺氧 靠在你肩膀 我微笑在你旁边撑伞🌊
5389923883,後知後覺的shelly,女,广东,,4407808776303413,好想听听歌，听什么好呢
1906655333,da佟音,男,北京,,4407808370369037,真的是  #周杰伦#   代言的吗
2260768801,sayouneed,女,,199,4407808277140466,我一路向北 在没有你的季节 你说你好累 也无法再爱上谁 风在山路吹 过往的画面全都是我不对 细数惭愧 我伤你几回
5580899660,卷卷呀卷卷_,女,,199,4407808268736854,读书的时候觉得说不清道不明、时密时疏的关系最迷人，后来才发现这种关系也太好找了，遍地都是。人呐...最难得最珍贵的是长情，是        《晴天》里那句：从前从前，有个人爱你很久。
3429219494,FREEDOM77-,女,新疆,,4407808247984675,想去看演唱会！！！每次反应过来票都被抢光光！！！
1965754307,拿铁咖喱牛肉包,女,浙江,,4407808239726003,我太难了
5685558975,猫九是Tao,女,,192,4407808218557026,雨下整夜我的爱溢出就像雨水，院子落叶跟我的思念厚厚一叠
2813943290,F-antasy努力努力,女,浙江,199,4407807866709683,#周杰伦杭州演唱会#   以前觉得自己不会被这样套路，但在冲动面前再理智也没有用，也仅仅是因为喜欢与热爱才会选择相信，截图来自与我一样的被欺骗的歌迷，希望大家理智并选择正规途径购票，两场数量仅一万六多的票，今天算是对大麦失望了，以后就默默喜欢着吧
2064672095,努力学习的357,女,,,4407807585368850,10月上海四场……一张票也没有买到……   看圈说抵制买黄牛票……
5104003589,猫耳的悦颜,女,江苏,199,4407807274675011,演唱会门票抢不到不说，评论还不过5，心累……
1708239544,偌柠丶,男,,199,4407807124601601,抢到票啦激动死我了！！ 喜欢那么多年！终于能去看一场周杰伦的演唱会了！
3183305382,骤雨疏桐,女,浙江,199,4407807018798510,我就是个假歌迷，刷了朋友圈才知道今天售票，今年场外依旧
1696192744,一年一年安静过,女,,199,4407806964635934,只能说谢谢参与吧 难受 遇到的第一题封面杰伦穿的衣服什么颜色 一下子懵逼了   抢不到杭州演唱会的票只能喝奶茶冷静一下了
1956784384,冷大头,男,,,4407806964417532,#周杰伦杭州演唱会#     其实只要把演唱会办在9月30日就可以了，随时随地上去都有票。因为第二天国庆，很多人去不了，黄牛不敢囤票
1651378234,鲨鱼爱吃红烧肉,女,浙江,199,4407806885326374,不要太急着收票！ 之前追爱豆有很多姐妹都受骗过，下面几点收票缺一个就不要买了 1、走第三方！再便宜也要走第三方！能面交就面交。不要因为别人催你你就忙着转钱，会被鸽，也可能就是骗子。。或者后面加价这类的 2、不要提前收货！不要提前收货！不要提前收货！入场之后再确认，收货了 ... 全文
5885076633,砌控录诚毒绸_leg滨慧,女,辽宁,,4407806872724810,大家，这个人应该是骗子，把我拉黑了，超话才四级
1230713780,萧耗生命,女,江西,,4407806591322377,36天了，坚持好像不是那么难
6613801778,小傻瓜这不是大提琴71334,男,,,4407806167588573,杰伦最棒
6502260416,magnitude6502260416,女,湖南,198,4407806108993516,这么多场了 我连支付页面都还没进过    求安慰捞我一下
6164774634,DWYANEWADE0812,男,,199,4407806020991603,咪咕音乐可以免费听杰伦的歌我哭了
5415896436,就是开不了口G,女,安徽,199,4407805904072763,今年陪跑的第三场         就是开不了口G的微博视频
7284878874,9独家记忆5,女,,199,4407805627242483,我太难了 ，攒钱。武汉等你。
5341001168,A-yqi,男,山东,199,4407805056330258,抵制黄牛，从自身做起
7248448424,俞伟小公举,男,浙江,199,4407805005598233,中午11点半开始坐等抢小公举周杰伦演唱会门票等到15点18提前十秒都抢不到，可想而知，杰伦演唱会门票太抢手，真的是醉了，鄙视那些卖黄牛票的人。
6385340486,刮大大的秋风,男,浙江,,4407804963869324,#周杰伦演唱会#  抢了多少场了，终于抢到了      ，今天给我激动坏了！
3991747860,李茂贞,男,安徽,,4407804683067372,大爷还是你大爷      李茂贞的微博视频
2086867433,脚踩泥土的孩子,男,浙江,,4407804313698817,抢不到票，怎么看场演唱会就这么难？我的第一次都不能实现
2519302404,JAY小碗宫,女,浙江,199,4407804271660604,我想知道马来西亚场次的票在哪里买？明年的巡回会有东京站吗？？？
7284878874,9独家记忆5,女,,199,4407803836022157,攒钱坐等你来武汉
5680782366,耳朵都听怀孕了,女,黑龙江,199,4407803718244090,#周杰伦演唱会#   《世界末日+困兽之斗+爱在西元前+止战之殇》，在明明暗暗的光里，只有清澈的嗓音与简单干净的吉他声，曲终的千回百转，是那段名为“周杰伦”的青涩时光         耳朵都听怀孕了的微博视频
7284878874,9独家记忆5,女,,199,4407803701434457,武汉等你
1592255232,写在夏日晚风里_,女,浙江,,4407803605018976,这边抢不到票，那边黄牛疯狂出票    世界十大未解之谜之本该属于歌迷的票去哪里了。想在杭州第三次看小公举的演唱会咋就这么难。那些刚买到就说去不了的说自己是粉丝的，出票也请合理溢价，有些溢价比黄牛还凶……我真的不知道该怎么评价。真的累了，买票交给其他朋友联系了
2769788043,白绒绒的大熊猫,女,上海,,4407803454443428,不容易
1803701112,蛛蛛许,女,浙江,198,4407803067974625,杭州演唱会门票秒空，之前还担心抢到了好几张怎么出手，太傻太天真
2263160581,粥大助,男,浙江,200,4407802980070110,为啥我抢票的时候 一直都有票
5518494093,Xxxafa_,女,河北,,4407802741003424,我想给鸽鸽起个新名 金毛大王
5501117596,想为你写首情歌,男,福建,199,4407802526810372,每次想一个人的时候听周杰伦的歌。。听完心都碎了
2136887483,Kathy_mmmmm,女,浙江,198,4407802418251225,中国优秀好同事帮忙抢的票！
5133157554,夏之芽_095,女,江苏,199,4407802342495301,心情差到💥，动员了十多个人帮我抢都没抢到半张！！！
3192776251,双木林呦,女,,,4407802170756113,不知道为什么我总感觉可能会有黄牛冒充粉丝求票然后高价出售
6604013664,晴天6604013664,女,江苏,199,4407802053012187,那些一买到票就说去不了 恶心不 装尼玛呢！ 又当又立 杰迷不要上当受骗了！
2776925895,甩手掌柜-BB鲍,女,辽宁,199,4407802041031531,哈哈哈哈哈哈哈 right on the spot!
6079226489,哎嘛老姨,女,,,4407801894101720,有没有哪一首歌能唱出我现在的心情
5758877006,好歌曲,女,黑龙江,199,4407801746955209,《一路向北》现场版，用歌声带着你一路向北，像一首名叫自己的小诗，孤独又强烈。炙热飞舞的花火，夺目不灭的星空，恣意洒脱的歌谣，一路向北，彼岸都是故事该有的结尾      #周杰伦演唱会#        耳朵都听怀孕了的微博视频
5021255910,默认妮称呀,女,,,4407801528536872,想买黄牛票了 太想去了
5698338200,橡树的绿叶啊HMGD,女,,200,4407801453143164,#周杰伦演唱会#     我……老粉快10年一次都没看过。 我已经心理扭曲到嫉妒？那些在演唱会上被点歌点到的人说自己看了五六七八场的人了。 嫉妒？那些路人粉都抢得到票进去看了。 对不起！这样想很不对但我还是很不平。我恨黄牛。。。。
3163649303,不忍笑眼千千,女,,,4407801357277897,嘻嘻   时隔四年第二次去听现场，不晓得上次没听到的歌这回有没有机会   之前听说小公举年底要发新专辑，期待演唱会有新歌鸭
5973463471,生活就是要随性,女,湖北,199,4407801352648716,《周杰伦的床边故事》周杰伦第十四张专辑，2016年发行的，今年都2019年了，还没有新专辑，严重警告，最喜欢的三首歌是      床边故事-周杰伦   这首歌的前奏爱了爱了，所有暗黑系的歌曲都很好听      一点点-周杰伦   这首歌又是一首遗珠，这么好听的歌真的爱了爱了  ... 全文
5881842445,阿竹亭子,女,广东,200,4407801063882549,静候新歌……
5284638449,松石艸堂-賈皓文,男,河南,200,4407800979259129,周董歌词专题篆刻组印，向周董致敬               我们做了一期周杰伦专题组印
2136260985,Zoe式Zoe,女,,199,4407800836629345,今天是《晴天》呀，心情也是。
6276013269,颖火虫yn,女,湖南,,4407800417912658,感觉我的手速还不错    之前济南两场都抢到了    只是第一次没钱付款        下次再出票我要努力抢了原价给杰迷    md那些黄牛粉牛太tm不要脸了[加油]
2165212041,杨黔川,男,广东,,4407800274646415,谁在用琵琶弹奏 一曲东风破 岁月在墙上剥落 看见小时候 犹记得那年我们都还很年幼 而如今琴声幽幽 我的等候你没听过
2640973195,怎样心爱,女,,201,4407800216431123,谁买黄牛谁是狗。              #周杰伦杭州演唱会#
2870147180,周杰倫至尊神,男,河南,199,4407800169702835,#周杰伦演唱会#   我太难了
3907882230,夏夜未央_,女,辽宁,199,4407800136468536,#周杰伦演唱会#    黄牛行为真的很恶心 杰迷一生一起走！谁买黄牛谁是狗😂
5383806588,哎末果,男,浙江,199,4407800090847246,哈哈哈哈哈，天命之选
2006543105,露_尘,女,浙江,,4407799943636245,我觉得杭州站那么火爆，应该加场   这样我就又有一次机会了
2772271981,24的信仰1996,男,,,4407799888668249,最美的不是下雨天 是曾与你躲过雨的屋檐
2692349402,积极努力向钱的渣,女,浙江,,4407799691786866,我说我没买，你信吗
5662061494,chiyaa--,男,浙江,200,4407799523813224,杰伦，我带着珍珠奶茶来了
3187715140,SylviaxBai,女,山东,,4407798986873953,天青色等烟雨，而我在等你
5184895064,mnbcxx,女,,201,4407798882559121,dbq 太难了_(:з」∠)_
6048936517,蓝冰翼99386,男,,,4407798232400908,都不要买黄牛票！！！！！！！！！！！！！！！！！
3636204643,一只爱吃的小金牛,女,,199,4407798018189569,爱你爱你
1860995114,行走的妞哈,男,湖北,198,4407798013819965,陪伴我长大的周董，爱！
3525453650,FANFANFANXH,女,浙江,199,4407797317392030,想问问杰迷们 杰伦的演唱会几个小时，歌单有吗
2389314300,-UpH,女,浙江,200,4407797171226041,杰迷们 刚才说原价出的这个人是骗子 @王源王源王小源wy
1829252541,郝晨光_,男,上海,,4407796965101931,红色帽衫封面的《JAY》磁带，我卖不出去啊，只能送给我们老四，后来四爷很感谢我
2811594470,洋葱onion葱,女,安徽,199,4407796910719614,从上海到杭州一张也没抢到 也是佛了
2093643743,独独狼外婆,女,重庆,,4407796701720894,#周杰伦演唱会#    果然，大麦就是最大的黄牛，永远抢不到票，抵制黄牛！！！！！！！
6559758205,偏爱出门左拐的饮水机,女,,,4407796650969001,快发新歌        我准备好了
5183456065,短腿腿兔子,女,浙江,199,4407796407916321,下个月发专辑吗？哥
5322681286,hello_ljy,女,,200,4407796403862936,不是不想去看 是根本连票影子就没见过
6294176385,俊颖的小小世界,女,浙江,199,4407796025559568,看过演唱会的能不能给还没看过的留点活路
2147377075,jajajajajajajajajaiii22,女,江苏,,4407795875419353,世事看透 江湖上潮起潮落 什么恩怨过错 在多年以后还是让人难过 心伤透
6092607237,幼稚园接小源,女,黑龙江,,4407795178277055,不要你离开 距离隔不开 思念变成海 在窗外进不来 原谅说太快 爱成了阻碍 手中的风筝放太快回不来      幼稚园接小源的微博视频
2648264730,H______aI,男,广东,,4407794914248624,这个点还没睡觉的我看看有多少 捞起
1803202713,我系羊羊羊,女,,,4407794230593442,杭州场有什么bug大家都知道吧？放了一万多张票也是大麦的骚操作了，奈何黄牛一家亲，只能默默拉人一起抢票咯   #周杰伦演唱会#
5289401448,Rosy_XYJ,男,上海,199,4407794138110749,#周杰伦演唱会#   杭州见～
6327790898,土拨鼠是只猫,女,,,4407794126019263,看到你们疯狂抢票我也就安心了，而且是好几个不同的抢到票，这样我就能在当天在朋友圈看你们全程直播   四舍五入就是我去看了毕竟多角度还用了不同机位呢
5589318404,1喜_粥1,女,浙江,199,4407794113801012,只买到一张杭州场周日的700看台，有没有浙江的小伙伴一起
2565818997,過於溫柔,女,广东,199,4407794050360014,又想了一遍 你溫柔的臉 在我忘記之前
1785526310,锦鲤菌_,女,江苏,,4407793861729541,千万不要买黄牛的票
6481977156,-Fwnsance,女,,,4407793774158600,什么时候我才能去看哥哥的演唱会啊
5311616682,打小就酷1919,女,浙江,200,4407793597114609,和六十五万人一起抢是真的难
3284699011,晴天中搁浅,女,浙江,199,4407793551208348,南京、上海、杭州没有一场抢到    还是小姐妹给力    感谢小姐妹的票票🎫 终于又可以来看你啦
1047941515,知名鸭鸭,女,浙江,199,4407792984892042,周杰伦官方带头抵制黄牛，粉丝高价转让比黄牛还离谱 给力！
2463915182,Baobao_昀,女,浙江,,4407792620180490,杭州演唱会的票又没抢到
3665343823,kikyou丶晓慧,女,湖南,,4407792431533158,如果没有黄牛多好。
6032943786,queen970922,女,安徽,199,4407792414745655,大家在看漫画 我却在学画画
5335552592,我是蛋饼也是珍珠奶茶,女,,199,4407792402379339,今日份快乐
2210320840,独角兽_尛角,女,,,4407792226142855,抢到了！！！！哦耶！！✌️
1830954231,阿华甜嘻嘻,女,浙江,199,4407792217136070,朋友圈看到的黄牛 真的太讨厌了 为什么还有人去买 而且还很多 真的难受
2550040823,双手插口袋wa,女,浙江,199,4407791844183058,那些年  从未抢到的票
5238466739,七七二十一啊,女,福建,199,4407791328045583,对黄牛说不   超话里凡是转票加价的，大家都警惕一点，管理忙不过来，屏蔽不完那么多帖子
2813943290,F-antasy努力努力,女,浙江,199,4407790954746659,#周杰伦杭州演唱会#      一次惨痛的经历，提醒各位喜欢周杰伦的盆友，不要第三方购票，骗子居多……
6032812610,安静的静呐,女,,,4407790908509572,被黄牛 骗子 绕了一下午 我累了  就当我跟杰伦无缘吧  从南京抢到上海再到杭州  每次都刷一小时都不行  对不起 下次见
3771928413,杰伦大大迷妹喔,女,湖南,198,4407790603039197,长沙演唱会抢到了一张票，打算自己去看，但是应援什么的，在哪里买啊，第一次去看，没经验      ，哪位大大能给建议
1772982873,就是八妹呀,女,安徽,199,4407790489231495,没什么别的事，就想说一声，抢到老周演唱会门票了，还是内场两张啊哈哈哈哈哈哈哈哈哈哈哈哈哈哈哈哈哈哈可太开心了🦆  #周杰伦杭州演唱会#
5928026398,lyx780900,女,吉林,199,4407790371808157,第一次听得歌    抽屉里泛黄的日记 榨干了回忆 那笑容是夏季
2599774474,babyjue95,女,浙江,199,4407790321365614,11月杭州见
1771718925,阿拉蚊-,女,,201,4407790040488438,打扰各位，在这里挂一个骗子。装作是海外粉丝，抢到了票然后借口海外不能用闲鱼，要求转账一半的票价。刚刚骗完王源粉丝拉黑我们之后，没想到转头来骗杰伦小公主的粉丝。挂出来希望大家千万不要被这种人骗。
5951346638,天青色等烟雨而我在等泥,男,北京,199,4407789851953919,水经验……
5651618467,浅唱初夏1322,女,湖北,200,4407789226585785,#上海环球港 JCAFE音乐餐厅#   全世界最好的周杰伦 @你怎么连话都说不清楚www
5110150580,101等你下课,女,浙江,199,4407788673933979,凭什么 为什么 why?  我也买不到票啊杰伦 哥哥
6300718836,请不要随便记住周杰伦,女,北京,199,4407788673000888,我永远对杰伦充满热情
5190244773,罗志祥哥哥的小迷弟,男,河北,199,4407788580777376,有没有同10月27济南场一个人去看杰伦的小可爱啊 一个人太孤单啦
5889619828,棣棣下辈子的女儿,女,四川,199,4407788442315052,现在超话是不是就成了黄牛的根据地了，一起抵制好吗？反正杰伦又不亏，请让票烂在他们手里。
6453157204,Star-星小星,女,上海,198,4407788425829888,#周杰伦杭州演唱会#   大概把今年的好运都用完了   开心炸了。酒店也订好了
3934316139,她似蜜橘,女,浙江,199,4407788384034065,请问有生之年能见一次偶像吗？？
1964536514,奉奉奉大奉姐,女,江西,,4407788169607203,抢了四场演唱会门票，每场都陪跑了！点进去就没了！我哭了！    到底能不能在30岁前看到我伦的演唱会
2019800900,某个方,女,北京,,4407787729248626,大家都是怎么知道抢票时间的          我今天错过抢票了哭死😭
7013364103,演唱会梦工厂,男,重庆,199,4407787628621084,#周杰伦演唱会#  听jay的演唱会都是一种情怀            《稻香》，相信每一个喜欢稻香的你，都曾因为这首歌给了你很多鼓励。就像歌词说的“看一下电视吧，很多人的情况都比你糟糕，但是他们都选择了坚持下去，所以，不要放弃自己的生活，勇敢的活下去。”         演唱会梦工厂的微博视频
6507094609,荣耀的背后刻着一道孤独0118,男,,,4407787523972456,#周杰伦演唱会#      zjl 假图 不要再传播了 字体都不一样 头像大小也不一样 明显是p的
3569092200,人间有味是清欢eva,女,浙江,,4407787503325259,大家都在抵制黄牛，我也好想一身正气地喊出宁愿不看也不买黄牛票呀，可是真的很想去啊，只要不过分溢价黄牛票就黄牛票吧……是不是很没出息……
2714114594,阿萌鹿鹿鹿,女,云南,,4407787331620929,#周杰伦#    #不能说的秘密#        这是我最喜欢的电影《不能说的秘密》    你说把爱渐渐放下会走更远 路小雨喜欢叶湘伦
6329746786,嬉游大娱记,男,上海,,4407787302111990,#嬉妹小剧场#   快要开学了，但不要惧怕！这些男神在校园等你们            、     杨洋超话   、     王俊凯超话    、     吴亦凡超话   、     刘昊然超话    、     白敬亭超话   、     古川雄辉超话   等，你们pick哪一位呢？     #娱乐影像力#         花边娱乐网的秒拍视频
2308976571,_小旧巷子里的猫,女,,,4407787104702596,就想问问啥时候变成过气男歌手 演唱会的票能变得不这么难买。
2949334892,肆肆肆肆丶,男,四川,,4407786924611040,我也要歌词评论~
6316208369,何时顾南风,男,浙江,199,4407786920033056,有没有有朋友杭州换济南的票   坐标杭州，求杭州连坐看台票，自有济南连坐800，求换，不然只能去济南了
2628205507,一只文啊,男,吉林,198,4407786870310507,搞个锤子，大杭州又是没抢到！我太难了
5136447626,阿蕊超好吃,女,湖南,,4407786827829283,#周杰伦演唱会#   还好我哥去年帮我搞到了票，去了一回圆了梦   今年没弄到&amp;自己抢几次都失败，已经放弃了
3545569021,白衣路漫漫其修远兮,女,,199,4407786744476208,出两张济南800的看台票，换杭州看台票两张！！！！真心换票
2328202692,我我我是FHXXX,女,浙江,,4407786575844544,求杭州演唱会，任意日期，500/700一张或者两连座都可以 黄牛忽扰
6033200752,周王林罗,男,广东,199,4407786575843517,求周杰伦杭州演唱会门票，单张连座都行。
1790204803,好奇害死猫噢,女,,,4407786454548702,所以有小可爱转票票么 需要两张           最好是周天？不，随便场次都好，最好周六
1952445233,全网最困的女孩-,女,广东,,4407786424776820,出一张杭州 17号900票价的
2260971673,jayandv,女,天津,199,4407786370746895,每天下车都能看到杰伦，也是开心鸭🤓 @闪送  这波广告，矮油不错哦
5514801161,好吃不过油渣,男,浙江,199,4407786362382164,南京周六900连换杭州连
3875010565,mumin小敏,女,安徽,199,4407786337124731,跪求两张连座南京或者上海场周杰伦演唱会门票！感谢！
5265126628,爱吃喝玩乐的猪猪女汉子,女,浙江,199,4407786333327109,帮朋友出一张，朋友多抢的
3490057455,王很懒_,男,山东,199,4407786106100211,求一张上海19号看台票 可接受稍微溢价
3323319870,嗄臸丶沬臸B,女,广东,199,4407786089646390,#周杰伦演唱会#   抵制黄牛！真正歌迷抢不到，黄牛手里一大把，实名制的意义在哪里！ 跟着《惊叹号》的现场版，来一句“靠靠靠靠靠靠靠靠！！！”   #原创集结令#        音乐会客厅的微博视频
2531594557,皮气先森,女,,,4407786072470483,不好意思 因为演唱会门票只抢到一张朋友没抢到决定不去了 所以我想问问看有没有换票的 就是换王源南京演唱会的    我抢到的900的价位你换给我666，888的都行
5528971656,Cheer易子棋,男,湖南,199,4407786069055999,用济南场的换长沙的！！！有嘛！！
6223390401,陶德郭,男,陕西,,4407786048309350,小公举的新歌来啦！！！歌名叫做《粉红的回忆》给大家科普一下，从前从前，他早已是小公举，只是当时的我们没有适合的字眼罢了                     周杰伦 - 爷爷泡的茶 东风跨年演唱会版
5849540324,小草莓莓莓阿,女,,,4407785963433758,有出南京演唱会门票的嘛 500 700 900 都可以 别加价太多
5374298471,心里有片海遍地是阳光,男,浙江,199,4407785942785695,求杭州场700或900的连坐票，黄牛勿扰。
3025589243,_郭小米米米米米,女,陕西,199,4407785942671349,坚持变成习惯的有木有
5528971656,Cheer易子棋,男,湖南,199,4407785716322649,有没有济南场换长沙的鸭！！！！         票不卖，只换 不是黄牛
1774699517,你的锋_,男,福建,,4407785691109569,求演唱会内场两张连坐，哪里都行
1698550961,王大人阿喂,女,,,4407785653534589,#周杰伦#   出一张杭州17号
5014989054,爱吃的小梦梦,女,,199,4407785645239820,滴！演唱会吖！今年终于能去看啦，所以努力还是有结果的(^_^)
5528136789,冬与万里,女,,199,4407785498407802,害！很早就准备抢济南场的票，结果意料之中地没抢到。虽然真的超级失望，但是就算去不了现场也不会走黄牛，抵制黄牛，爱莎有责！
1862375185,·S·s,女,,,4407785393444129,南京1300两连坐 换 杭州900（补差价）或者1300连坐  要周六的 因为离杭州更近 想去杭州
2756352555,ZorOrange-,女,,,4407785355272646,求两张杭州周六11.16的 900连座 带价私         不要溢价太多就行   姐妹们康康我
2341220981,Rachel-Hee,女,浙江,,4407785254987681,好难啊
5161727439,日月皆不得替,女,浙江,,4407785242566129,有杭州演唱会的姐妹们的群吗 第一次看演唱会什么都不知道 想请教一下问题 例如相关应援物自己买的可以带进去吗 有没有统一的官方应援物 然后演唱会不让带水吗，那怎么办
1942075327,中意乐仔,女,上海,,4407785225231436,这种套路有人遇到过吗 是不是骗子 反正不敢信
5819432000,爱笑小酒窝JJL,女,广东,,4407785158571230,帮忙出一张周六杭州看台900的票
1832931830,K-朝歌晚酒,女,上海,199,4407785145955012,就现在！你在听什么歌！🙋
2170270572,葡萄不要果酱,女,浙江,,4407785107798970,杭州场的还会放票吗
7013363934,音乐会客厅,男,四川,198,4407785041127511,#周杰伦演唱会#   抵制黄牛！真正歌迷抢不到，黄牛手里一大把，实名制的意义在哪里！ 跟着《惊叹号》的现场版，来一句“靠靠靠靠靠靠靠靠！！！”   #原创集结令#        音乐会客厅的微博视频
1583669015,死在故事里,女,河北,,4407785037253025,求杭州两张900！或者一张900！
7248895505,T_庸,男,江苏,199,4407784986477972,出一张杭州周六的，南京地区可以当面交易，有要的嘛  #周杰伦杭州演唱会#
3082608767,BustLuck,女,浙江,,4407784969350452,因为杰伦认识很多歌迷朋友 大家基本每年都会相聚 后来没有团票了 黄牛也多了 大麦也抢不到票了 朋友们 也很久没见过了…
5013095580,你的小鹿在乱撞,女,,199,4407784885544330,我太难了，求求了，一人血书求让我看场老周的演唱会吧，赏我两张900的看台票吧
5625669511,JustinBiebo,男,浙江,,4407784877135551,出一张杭州900看台票 ，因为跟女朋友只抢到一张。
1762808604,-cococute,女,广东,199,4407784650670157,喜欢杰伦的歌迷都是温柔的小哥哥小姐姐      么么哒
2183904110,朱一龙喉结上的痣,女,,,4407784520936237,求一张周杰伦上海，杭州，南京任意一场任意座位原价票啊！！
7036704945,源景晖晖,男,甘肃,,4407784453628227,晚上好
5358321288,撒欢撒花儿,女,湖北,199,4407784408210330,请问两张一起买的是连坐的吗
5192902149,德云社误我婚期,女,山东,199,4407784156577159,求票的你们听我说，大麦头像的都是骗子，一定要走咸鱼，支付宝微信微博让转账的都是骗子别信，最好晚点还剩几天的时候在求票，这样确认票是真的进场了以后咸鱼在确认收货，有假票
3754365615,这个小孩儿有点儿傻,男,山东,,4407784131368536,这车牌怎么样
1792098527,茹茹茹er丶,女,上海,,4407784105589648,16号杭州场的杰伦演唱会，有可以结伴的小姐妹嘛？我一个人！还有，有杰伦的粉丝群嘛？求拉！
1807835783,云湾森川如风,女,天津,,4407783988086953,123 唱：“想要看演唱会真的好难 票务平台的票瞬间抢完 朝朝暮暮地期盼 转眼已是徒然 为何现在追星变这么地难 想要看演唱会真的好难 攒钱攒假期没票也枉然 票务黄牛的两端 鸽迷都黯然 唯一的感叹   #爱周杰伦好难#   ”
6087417177,y一點點_,女,河南,,4407783967575748,抢票太难了
3850251656,_莫雪颜,女,江苏,,4407783904016421,杭州900换南京内场真的没人吗
2154350190,我怎么知道你说什么,女,浙江,,4407783862243109,有一张南京11.3的票，求换杭州11.16的票
5613628135,Liar_Min,女,,,4407783761623109,11.17号杭州 900连坐 跪下求 生日场想和周总过生日
1944186867,带上红领巾i,男,浙江,,4407783724507174,家门口开演唱会都抢不到票
6288840509,为什么这丫子,男,云南,199,4407783636522440,出一张杭州周日的900的，才抢到一张，走咸鱼
1909604983,-SHAOHANGUIIIIII-,女,,,4407783619714901,抢票抢到怀疑人生  这次连题都答不对了  杭州西湖选些什么大明湖畔
6385776808,Cider___,女,,,4407783606666753,#周杰伦演唱会#    有生之年能看得到杰伦的演唱会吗    求求黄牛做个人
6258608836,123嘴巴上扬,女,山东,,4407783501533711,囤积分🥰🥰🥰
1719370515,-林西亚,女,浙江,199,4407783459795290,太难了太难了 这些人都是怎么想的 实名举报 诚心求那些诚心让票的
5291843083,喜欢晴天的仙女,女,湖南,201,4407783413870921,再抢不到票 我就去演唱会场馆外面听 也不买黄牛的票
1674290074,TS瑶瑶,女,上海,199,4407783325226852,辣个 我就问问 有没有人愿意跟我换下票 用我南京11.2换你杭州1117 900价位 跟小伙伴一人抢了一张南京 一人抢了一张杭州 想约一起去～
1889660473,许_阿花,女,浙江,,4407783271148494,记得第一次去杰伦演唱会的时候是2010年，那时候还在读书，节衣缩食买了2张靠前的看台票，跟妹妹一起去看的，后来杰伦在杭州举办这么多次演唱会再也没有去成过，越来越难
1908274801,脱发少女ing,女,,,4407783270836367,#周杰伦杭州演唱会#   抢了一张杭州礼拜六900的... 想换上海场...可补差
5023411958,可不啦不啦哈哈哈,女,山西,,4407783241728606,#林俊杰 周杰伦#  只要下周不要jm打榜什么都好说
1732884464,渣渣就是嗷嗷,女,浙江,,4407783237212312,感觉周围的人都抢到票了，除了我。
3529368517,时光森林味的曲奇罒,女,山西,,4407783216508482,周董！！！我周董可是不老传说啊！我周董可以封神了好嘛！！         #周杰伦#
6067839665,Wo不吃也胖呀,女,西藏,194,4407783187082669,我何时能赚够演唱会门票的钱            失业少女不知道做什么
1761459840,周杰伦地表最强资讯,男,台湾,197,4407783149509873,【珍贵视频】2001年作品《二手烟》很可惜这首歌没发表！！！但是超好听       #周杰伦演唱会#        周杰伦地表最强资讯的秒拍视频
1269464193,颜小泪,女,天津,,4407783011065198,是不是老周现在太亲切了让很多人产生什么误会了？？？
6518590255,独行的双子,男,重庆,,4407783002344640,我们几个印社的篆刻玩家，做的周杰伦歌词歌名篆刻组印。望大家捧场。 《我们做了一期周杰伦专题组印》     我们做了一期周杰伦专题组印
5366018727,夜空霓虹丶,男,辽宁,199,4407782901732922,
2982152367,圈内少年,男,北京,,4407782805355325,#周杰伦演唱会#  这辈子最不遗憾的事就是去看一场周杰伦的演唱会！   所以你们抢到票了吗？去听了现场了吗？   你最喜欢杰伦的哪首歌？
2813943290,F-antasy努力努力,女,浙江,199,4407782796906431,#周杰伦杭州演唱会#   一次惨痛的经历，也提醒各位喜欢小公举的盆友，第三方买票需慎重
5136321583,诺诺安静的鹅卵石,男,,199,4407782713139390,#周杰伦演唱会#   我太难了，抢不到啊，黄牛票太贵了。纪念一下绍兴站吧
2288696622,不贪怎么赢的了,男,江苏,198,4407782712828523,票买不到，分还是要捞……
5260496753,Ver宸宸,女,浙江,199,4407782692112171,害！懂那种加价狠的苦，所以都是原价。不知道从什么时候开始，粉丝加的价比🐮还狠，太可怕了。 顺便问一下大家！十一月的演唱会，大概什么时候出票啊？ 我们自己家都是演唱会前一个月左右才卖票，从来没有提前这么早过，所以啥时候能出票啊
5704699848,故事的小黄花呀i,女,北京,199,4407782675257163,南京站两张，出
5358321288,撒欢撒花儿,女,湖北,199,4407782654236388,一个号买两张🉐是连坐吗各位？
5842319267,长兴言承旭,男,上海,199,4407782599892911,杭州场的有没有抢到多的，缺一张。 愿意出的多少出。。        我这边就抢到一张但是两个人，有要的可以联系
3386925390,张小胖的晴天,女,广东,,4407782537099813,哪里有🌈🌈告诉我，能不能把我的愿望还给我
2945781594,biubiubiu珊,女,江苏,,4407782532584869,唯一一次通过自己抢到票的，我应该是上帝的宠儿了，好开心啊，整个人都飘起来了，南京的没有抢到，上海的没有抢到，杭州抢到了，杰伦，2019，我又来啦
2465698145,佛光普照丶,女,浙江,199,4407782411261693,南京900换杭州同价位！！！求捞
6095750730,LQS冷千山,女,河南,,4407782407295593,苦苦等待体检通知的我哪里都不敢跑    不知道什么时候才能看到胖伦的演唱会
3988453753,又走音了,女,,199,4407782369679888,我希望各位能看在 曾经一起团建的份上 给我留一张门票🎫  @周杰伦歌迷网官方微博
1840211803,ukshine星空,女,浙江,199,4407782340515687,求杭州场的票啊啊啊[淚][淚][淚]
5261130155,形容词M,女,浙江,199,4407782230775921,我抢到票了哈哈啊哈哈
1759545031,Clowner_,女,浙江,,4407782201283408,南京700的看台两连换杭州看台两连
1585791780,Yours丶Chen,女,浙江,199,4407782130414120,我太难了
3605849615,那那娜娜呀,女,,,4407782013180815,求杰伦杭州11.16或17演唱会门票两张，900看台或1300内场，可适当溢价
5900680855,饿了就吃肉去,男,,199,4407781941567293,有没有出长沙场的看台票，救救孩子吧，最好是三张，不行两张也可以
2993225513,我的世界-有你-有零食,女,山东,,4407781937778293,没抢到杭州的票，又加上金果肚子不舒服，我已经在家哭了一下午了……为什么就这么难啊，6个人帮我抢都没抢到，又听不起黄牛，真是要难过死
3713754255,Geheimnis_m,女,浙江,,4407781936996489,对不起... 今年给自己的生日礼物 不是看你了   🙊
2488645682,eProst,女,浙江,,4407781928965550,11.3南京换11.16杭州 可以补差价
6423662411,粉丝炒肚片,女,,,4407781857400944,抢不到票 我觉得我的手机我的网速都有问题。  哭泣😭 想跟胖胖一起看场演唱会。
6459203935,浅笑安然Austin,女,浙江,,4407781782509623,救救孩子吧 跪求16号三张杰伦小公举的票
2605385760,Layla_酱酱,女,上海,200,4407781652229320,真歌迷抢不到票 闲鱼上全是抢到不去的高价卖。。。。 真的心累 太心累了 场场看黄牛 臣妾不甘心啊啊啊啊啊啊！！
5220560560,Zhou乐晨,男,浙江,199,4407781643299502,能不能给没看过杰伦演唱会的迷弟一次机会。把多余的票卖给我。黄🐮gun
3957432532,长大了缺爱,女,,,4407781593121711,就像是工作的一部分了
1862400210,幸福o猫猫o,女,浙江,198,4407781476210503,太难了  有兄弟姐妹杭州票转让的吗
2605385760,Layla_酱酱,女,上海,200,4407781241337931,在这里求票会被超话屏蔽吗？ 另一个账号被屏蔽了为什么啊？
1990935317,隔壁家的孩子什么都好,女,辽宁,199,4407781236799118,可以买专辑了
3736114927,是蛋蛋ye,女,,200,4407781182715662,我晕 票也太难抢了吧555555  有没有要转杭州上海门票的plmm/sqgg！！！！！！
1759545031,Clowner_,女,浙江,,4407781169821315,求一个周杰伦南京场的微信群！！！
5235752631,是刘邦阿,女,,,4407781098374352,辟谣辟谣❗❗  图是假的！！是p的！！老周没有送门票！回复是p的！请不要传谣！传谣的屏蔽帖处理！
2795696564,绵羊只吃肉肉,女,浙江,199,4407781031922919,周边都看好了 奈何票还是抢不到  看来只能蹲墙角去了
5402182679,一个H2O,男,河南,199,4407780892963223,今天又是恰柠檬的一天 实名制羡慕了
1000086327,小撮人,女,,199,4407780695454970,#周杰伦演唱会#   太难了，真的太难了，我真的太难了，每次都这样
6623266232,养乐多还单身,女,,198,4407780674434152,酸溜溜的我永远不是那个幸运的家伙，我也抢不到演唱会门票，就是没有人送我         ，长得也不丑啊
1630477802,你好好想想吧你呀,女,上海,,4407780632667284,#周杰伦演唱会#   换上海场看台
1497213303,廉颇bbc,男,北京,,4407780620467521,每日一贴，打榜
6071784627,没运气的周小丧,女,江苏,199,4407780473469992,谁都不服 就服黄牛 还给他码掉我真是太善良了
3712047865,独研朱墨作春山,女,湖北,200,4407780280387707,这是位骗子 刚在别圈骗过↓各位小心
5305022375,智妍的61,男,安徽,199,4407780234521809,超话粉丝大咖
2721418127,周杰伦的铁粉Jay,男,北京,199,4407779978252993,nmsl，大家都抢不到票本来就心烦，发你🐴的p图，故意给杰伦找麻烦吗？这下都去ins下面说买不到票，真尼玛无语    @周杰伦音乐网
3845393485,我們叫他周青春,女,上海,200,4407779957237016,總有不懷好意的人在那抖機靈     （你蹭Nm熱度呢，鴿鴿沒有在線送門票哦）
2740990745,張張張張張瀟,女,山东,199,4407779848492304,不是不想见你，只是对于歌迷来说太难了
5653212970,Natsu是夏天,女,浙江,,4407779743676799,每次都在家门口每次都抢不到，杭州很破的你们不要来看行不行                  ，卑微老歌迷
7013364083,流行音乐风云榜,女,上海,201,4407779454204610,#周杰伦演唱会#  🙌 想点一首《甜甜的》      甜甜的旋律，甜甜的歌声，甜甜的回忆，明明甜度严重超标却一点都没有腻的感觉，       周董的音乐魅力有点强大~听这首歌，嘴角都会不自觉的上扬！  #原创集结令#        流行音乐风云榜的微博视频
1665481773,阿信的泡麵,女,浙江,199,4407779353595517,唉 就那两天有人考虑场外听吗？ 抢不到票我也不想买黄牛 有人请带我组队    两天都🉑️ 反正看完回住的地方也不远 唉 我努力了。
6590834896,不爽你也得忍着呀,女,广东,,4407779336485311,想练个手速没想到抢到了哈哈哈哈哈哈哈哈
3225100751,果老思,女,山西,199,4407779164723611,#周杰伦杭州演唱会#                 ………恭喜我，今年圆满了…
6100322776,湖南省一位不知名路人经过,男,湖南,194,4407779147871592,出两张长沙900连坐
5591455289,fairy玖-,女,江苏,199,4407779022079551,求连坐票杭州周六的！真的想去，接受小幅度加价！
6330047377,半紅玫瑰,女,北京,201,4407779005531083,浙江卫视2019年中音乐盛典周杰伦《青花瓷》《简单爱》 (Live)      半紅玫瑰的微博视频
5661531081,Soul雪风號,男,北京,,4407778997122427,#周杰伦演唱会#   刚看到一位，两张票1800，丫买了票想倒卖净赚两千！黄牛行为！这么赤裸裸的么？就该抵制，别买她的，让票烂她手里！丫买了票就老老实实给我去看！还敢删除我评论？
1796953497,如果超人会飞9151,女,浙江,,4407778917911338,帮帮我吧  我也想去看啊
1677019604,后知后觉的WHY,男,浙江,,4407778887785020,能求杭州站11.16的内场票么
5206933248,xiyekkkkkkk,男,山东,197,4407778850266081,上课去洗手间刷了半个小时没抢到，手机都按烂了 连一千的内场票都买不到
2379265873,20岁想当歌手,男,江苏,,4407778821499310,黄牛们，原地爆炸好吗，我一张没有，我也不买你们的
3200689202,会越来越瘦的丹儿,女,浙江,,4407778812114003,开心抢到啦。
2839344774,娱评八婆,女,北京,199,4407778799767483,#周杰伦演唱会#    周杰伦嘉年华世界巡回演唱会杭州站 将在11月16号杭州 黄龙体育中心举行，真的好想去，可惜买不到票！你听过第一首周董的歌是哪首？  #周杰伦#        娱评八婆的微博投票
1807835783,云湾森川如风,女,天津,,4407778778746004,假装与杰伦哥哥合了影🤣🤣🤣
2723625415,苏坡拉戈姆,女,山东,200,4407778737035488,有小姐妹买到了11.3南京站的票吗 我有一张11.2的 想交换一下可以吗 900滴 有意者联系我喔
5261857355,店小二0932,男,浙江,199,4407778678121979,#天气既天意#   太难了，太难了，多希望那个幸运儿是我，是我，小哪吒
2851011643,你没有的双下巴,女,浙江,199,4407778673984804,#周杰伦杭州演唱会#    Lucky
1804220893,现丶现现现女友,女,上海,201,4407778565386492,求16号两张连坐杭州演唱会门票.           ，可以给一个没有看过的人一次机会吗          ，骗子，黄牛滚！
6236125562,·Perhaps,女,浙江,,4407778544605270,心疼自己三秒钟
5597859394,Debbie99,女,上海,199,4407778544365910,要開心喔
1729625140,阿琦琦琦琦琦琦琦呀,女,湖北,,4407778434852467,开心到爆炸！🤩还可以顺便去杭州的奶茶店打个卡~🥳
6577518473,周杰伦超话,男,,197,4407778384409198,“对不起，今年不看你的演唱会了”我他妈这是个官博说的话嘛！你diss主办diss黄牛甚至diss黄牛都没问题！！！蒸煮都一起diss什么鬼！周杰伦安排的黄牛？？？说话能不能过过脑子！这话被yxh截去什么后果！
5559770275,优秀网友小蔡,女,浙江,190,4407778375999011,#周杰伦杭州演唱会#   本来打算和对象一起去的 只抢到一张 加价出   不是黄牛！！！
6823338127,吃瓜工作室,女,浙江,200,4407778355319682,#周杰伦演唱会#    今天你抢到周杰伦演唱会的票了吗？无。 太难了   想看周董太难了
1913498404,风一样的姑娘-无,女,江西,,4407778309002064,有没有朋友11.16-11.17杭州站2张票，接受适当溢价。
5091031146,山河远阔人间花火,男,江苏,,4407778304879911,dbq dbq dbq！！！！我忘记去大麦抢票了      我不是故意的
5407452060,ai农农73晴天,女,浙江,,4407778208358465,周杰伦演唱会超话   求一张杭州内场的，最好是2000的.接受稍微溢价。如果求到就原价出一张900的。
2130158875,N0-E,女,,,4407777936007185,#周杰伦演唱会#    都听我的，不许买，不然风气会越来越差的！杰迷一生一起走，谁买黄牛谁是狗🐶
2959016684,尢燎原,男,江苏,199,4407777907008437,我来了
1689351523,休息天丶工作者,女,浙江,,4407777822389894,开心。想点歌。
5253747638,想一个人度过余生的单身狗,男,,199,4407777784557987,2500有人要么
3315430531,阿婷A-ting,女,浙江,201,4407777705084886,黄牛真是没有妈妈
1882365233,排骨橙,女,湖北,199,4407777684771111,下个月能听到新歌吗
2537079520,执墨焚伤,男,,198,4407777558080408,我希望你们能把开心的与不开心的事情告诉我，分享你的快乐，承担你的痛苦。
3306654887,正宗绝版的馍馍馍orz,女,陕西,199,4407777088301305,❤️❤️❤️ 我伦演唱会想去
1805116331,郭-十三,女,辽宁,199,4407777021303844,所以下半年的运气也是好到爆炸的
2371305025,Qbicccccc,男,浙江,,4407776970862859,大家注意阿   那些求票的 别被骗了 我看评论下面一溜都是xx网某某  这种明显骗子 真能接受溢价 还不如去tb上买 我也没抢到 现在在摩天轮挂着 到时候要是抢不到 就只能去tb买了
7012741047,少年画册,女,四川,199,4407776870500747,#周杰伦演唱会#    #对爱豆怦然心动的时刻#              杰伦所有歌的歌词可以谱写成一篇值得用一生去读的长篇小说了，         这首歌能让我一秒回到14岁！ @周杰伦中文网JayCn      #少年画册#        少年画册的微博视频
2277062722,zzzhiyi_,女,广东,,4407776749065150,从前从前有个人爱你很久 。
2812280054,舍不得吃微笑的糖果,女,河北,,4407776669262973,爱情来得太快就像龙卷风
3883489874,哥练的胸肌,男,香港,199,4407776656860073,杭州[带着微博去旅行]济南[带着微博去旅行]
3263390600,煜的记忆只有七秒吖,男,,199,4407776602017779,求两张杭州货南京或济南或长沙九百连坐的  周六或者周日都可以 黄牛死🐎勿扰
5389667686,mifftty,女,,199,4407776514216599,求积分
5545247299,周杰伦今天上热搜了嘛,女,河南,199,4407776367762023,请杰迷别买黄牛票！粉牛票！路人牛票！ 加价的都别买！就是有人买，黄牛才猖狂
6743887239,Gyxsp,男,江苏,,4407776363559485,我想知道今年会有苏州的吗，上海的没抢到
5975315212,追梦少年zsr,女,河南,200,4407776245543700,黄牛biss
2088881481,欧拉拉Oy-,女,四川,199,4407776233150026,我好喜欢你呀
5225482934,甜丞酱0616,女,江苏,,4407776191154915,出一张杭州周六看台900
3051951073,巧克力的栗子,女,浙江,199,4407776132313913,很幸运，我的青春，我可以去你的演唱会了
5618457686,都是蘑诡吗,男,,,4407776123907038,求两张杭州900连票 可接受2500
1758967911,jodie禾子君,女,浙江,199,4407775989514700,打电话给12345 人家告诉我不受理举报黄牛 让我打12315  打过去 人家又我说 我们不管这个 你直接打110报警吧 真的是一言难尽 什么时候 周杰伦门票可以和高铁票一样实名制呀
1962482091,kyson-ing,男,浙江,199,4407775977310524,求求大家行行好，赐我两张，可适当加价。让我的青春见下青春
6372809484,天然呆的就叫我小云,女,河南,,4407775934859399,#周杰伦演唱会#   杰伦在线呼吁大家抵制黄牛，所以你们有抢到票吗？来回味这首杰伦这首《轨迹》。从作词、作曲、到编曲都无可挑剔，每次听杰伦唱这首歌，都会勾起太多人的情感记忆     #音乐大赏#        黑头音乐大赏的微博视频
3263390600,煜的记忆只有七秒吖,男,,199,4407775880468375,为什么周杰伦的演唱会的票那么那么的难抢啊啊啊，黄牛请立刻原地爆炸💥
2092927913,梦游泰晤士,男,河北,198,4407775838424818,太心寒了，这个月半的票怎么这么难抢
2668388683,季同学呢,女,浙江,199,4407775834648586,#周杰伦演唱会#   又一次没有抢到 一直卡在确认订单页面 卡到最后提示已经无票 😞
5335403471,我爱螺蛳粉s,女,广西,,4407775834218754,有多怀念青春，就有多喜欢周杰伦
2130158875,N0-E,女,,,4407775712561489,都听我的，不许买，不然风气会越来越差的！杰迷一生一起走，谁买黄牛谁是狗🐶
1846183764,如果你也喜欢巧克力,女,江西,,4407775649945616,求两张杭州700到900连票，16号，拒绝黄牛，接受适当溢价
5445638450,_有诗待和,男,江苏,199,4407775607721507,黄牛真是无中生🐴，Ti Ti看不了，周杰伦也看不了👏
2239205040,西涘園子,女,,,4407775469722195,求一张16号900的 接受轻微溢价 黄牛勿扰
5107043812,爱杰伦的悦鹏哥哥,男,浙江,199,4407775415449969,杰伦ins快拍更新：          #周杰伦演唱会#    #周杰伦ins#   抢不到票 也要 立志成为分享杰伦资讯最快的博主
5545247299,周杰伦今天上热搜了嘛,女,河南,199,4407775411248397,#周杰伦杭州演唱会#    #周杰伦演唱会#    第586天，打卡   今天又是不开心的一天    杭州开票，请问票到哪里了？
2934541007,来自火羊座的小张同学,女,,199,4407775398735556,11.16杭州周杰伦演唱会，手里有900看台一张，有没有连座两张的，可换可入！
1971359423,樂楽小仙女,女,浙江,,4407775385655172,南京11.2出一张内场1700
6983078252,盛夏Kol,女,湖北,199,4407775364902717,每次在猫眼抢票，就显示请求出错，请稍后再试
2088881481,欧拉拉Oy-,女,四川,199,4407775322862780,
1730507800,Lucy王璟,女,湖北,199,4407775255996774,求周杰伦杭州场500/700/900，这3个价位都可以了，蹲了半天没抢到，好气哦，心里郁闷啦
5576792961,吃瓜吃辣条,女,,,4407775242787512,👏  #周杰伦演唱会#   zjl 2007巡演live版最长的电影，超越cd的演绎，diss我伦唱功不行来看看         吃瓜吃辣条的微博视频
6305693248,小钱TOP1,女,,198,4407775230652828,求两张杭州 900连坐 黄牛和粉牛都别来 来就被骂
1990997787,Hi-Mis小新,女,天津,199,4407775222034574,#周杰伦杭州演唱会#   抢个票好难啊啊啊 又要错过杰伦的演唱会了
1800298664,这么久没改名了改个名吧,女,广东,199,4407775188409439,最后一次求！长沙900的连坐两张！可以适当溢价！               真的很想去长沙场 拜托了各位姐妹
2161062574,我叫baby5,女,浙江,,4407774974550900,太难了、我太难了、到底买不买黄牛票反正从来没觉得自己能抢到
2702898352,莫干山路陈冠希,男,浙江,199,4407774970349128,周杰伦演唱会门票抢了两次中了两次，我是不是天选之子      可能是我每次都抢一张票吧
2959680957,怡宝o3o,女,浙江,199,4407774861319836,没买到票，今年又没得看了吗   求900看台2张呀
6328480397,Micromastia,男,,,4407774714682639,大家都抢到票了吗……求两张周杰伦上海演唱会门票啊！！！！南京也行！接受小溢价，🐂勿扰！  #周杰伦演唱会#    #周杰伦上海演唱会#    #周杰伦南京演唱会#
2269690552,深深罙Shen,女,浙江,,4407774606225594,#周杰伦演唱会#     抢票我尽力了  现在只能等摩天轮那里出票了
1974754790,教父娱乐,男,北京,199,4407774593041986,#周杰伦演唱会#    因为高价票真爱粉真的心寒了，门票＋路费＋住宿 去一次演唱会不知道要攒钱攒多久，看到很多粉丝说有生之年不知道还能不能看到偶像的演唱会，我觉得  #追星女孩也太难了#
3891215486,MrsParkkkk,女,浙江,199,4407774588623615,出杭州演唱会周日900的一张 和朋友两个人只抢到了一张就只能出掉
1840132302,cciyoo,女,浙江,199,4407774467196088,#周杰伦演唱会#   求杭州16号900连坐两张 溢价三百内 我是不是在做梦啊
1846183764,如果你也喜欢巧克力,女,江西,,4407774424965234,就是想来看看大家都抢到票吗？几个人一起没一个抢到的，我太难了
5719816432,咖啡不加糖咦,女,湖北,,4407774286709250,喜欢周杰伦的男孩子都是什么宝藏男孩
2944011507,伢妹_781,女,,,4407774240527568,抵制黄牛票～～宁愿蹲门口听也不买黄牛票～
1925363917,特大号鞋子跑跑跑跑丢了,女,北京,199,4407774236930955,抵制所有加价黄牛票…把票都噎死在黄牛自己手里，反正我伦票钱已经赚到了。看这些老黄牛们以后还乱不乱抢票！
3004074691,桃子还是爱吃桃子,女,北京,,4407774232726860,上一个帖子找不到了。。。。再发一个吧。长沙900换杭州900。长沙两张不连坐的，所以能换出一张是一张。诚信换票。
3048002557,把嘴给俺闭上,女,江西,,4407774131895943,求两张长沙的看台票 黄牛勿扰
2265142922,鳗鱼粥a粥,女,广东,,4407774072837864,1300出一张900 杭州站
2698490922,RICH-小心机_keke,女,上海,199,4407774052547071,杭州11.16看台900票1张，适当溢价出。
2248733140,做一个幸福的小废物啊,女,浙江,199,4407773989034889,有人要拿杭州的和我换济南的吗 我济南有600两张
5082037083,我想有一张好脸,女,浙江,,4407773934391345,长期蹲杭州 两张900或者以下都可 时间不限 接受轻微溢价 🐂勿扰！
2837519134,努力努力再怒力x,女,,199,4407773880009186,求两张16号900的票 🐂别找我 我骂你
1563578682,橙如夏花_,女,浙江,,4407773854592274,求两张杭州演唱会看台票
5913580777,iserve011,男,浙江,,4407773820964723,求两张11.16号900两张
6067595168,陈阿瑞88,女,安徽,,4407773758908322,竟然看到有人把黄牛说的很正当， 说他们是正当职业， 我信你🐴 呢， 900的票你转手卖2000。 这个是什么鬼逻辑了。 哭泣的一天，我要喝奶茶安慰一下了
3737884567,这里是个俗人,女,浙江,200,4407773741555886,求两张杭州连坐900 的票！真的！很想很想去！！！呜呜呜呜
3206740202,妻管严小王举,女,广东,199,4407773653346658,出长沙10号一张看台700票 可闲鱼
5682884938,陆小梅小利,女,广西,199,4407773565529246,正规买票平台在哪里？我只知道大麦，但是大麦不是也是黄牛吗。抢票是在哪呀
2761121534,strllene,男,浙江,,4407773553244532,都是刚买到票就有事出，你们真那么多事买啥票？真的想看演唱会还是转卖赚钱呢。粉丝没看过一次周杰伦的演唱会。也不知道演唱会以后还继续开吗在哪开抢得到票吗。一张九百的票卖到一千五，恕我直言您凭啥。什么都没付出净赚六百。喷就别喷了吧大家会觉得你是黄牛   都切到付款界面了结 ... 全文
3562731394,Junyan9_,女,浙江,,4407773549004903,#周杰伦杭州演唱会#   我真的太开心太开心太开心啦！
2523135854,爱睡觉的翼尐翼,女,上海,199,4407773209074749,打断骨头不买黄牛票，哼！
5646179879,你好我是一颗橙子,女,浙江,,4407773200636910,请问大家，摩天轮的这个抢票靠谱吗
5641774288,_沙漠之中怎么会泥鳅,男,浙江,,4407772973922217,南京900换杭州的票有吗
5610039616,奇异不偷懒,男,北京,201,4407772936123525,球票看看我吧         骗子走开（我没抢到儿子的票已经很自闭了）
5984199069,zxt923233,女,江西,,4407772932153528,求两张杭州17号看台，高价勿扰
5969875677,好客沙东,女,浙江,200,4407772910902429,我觉得还好啊不是特别难抢，我在淘宝上的大麦网旗舰店抢的，900看台场抢到了，两千的内台也抢到了，只不过没时间去看所以没付款
2006435523,落差是我,女,湖北,,4407772848753469,今天又是抢不到票的一天          就算抢不到票，也坚决不买黄牛票！！！
1879535820,晓帕帕想快快瘦,女,北京,,4407772680494533,两年的“老”同事今天上最后一天班，为了和男朋友更近，努力考去了公安系统。也是满满的正能量
6326488993,宝宝嗲伐色惹,女,,201,4407772600630940,喜欢杰伦  杜绝黄牛！宁可坐黄龙外的阶梯上听！！！！！
6966095305,爱喝可乐的小锦鲤,女,浙江,,4407772474545306,出杭州一张
2245449845,没钱没时间还想去旅行,男,江苏,,4407772457731894,抢票是不是跟手机很有关系？？？网速是不是跟手机很有关系？杰伦一场没抢到！
3141803710,我有个恋爱想和你谈下呀,女,浙江,199,4407772424620219,求两张连坐杭州啊……
6224550100,脾气不好的小祖宗_,女,广东,,4407772164295982,微博跟别人买票怎么确定对方不是坑呀🤔大佬们
6577518473,周杰伦超话,男,,197,4407772143273389,买票收票的注意⚠️顶着大麦头像的一律拉黑！微博头像模糊微博里没几条微博的拉黑！不走闲鱼⚠️拉黑拉黑拉黑！！！不要微信转账！支付宝转账！你以为你被骗了报警钱能找回来嘛！没用！找不回来！清醒一点！要买票一定要走闲鱼！别当傻子好嘛！好嘛！答应我！   #周杰伦演唱会#
5514801161,好吃不过油渣,男,浙江,199,4407772000913857,南京周六900连坐换杭州900连坐
7260680223,大魔王桐人,男,江苏,,4407771878960632,一个夏天，一首稻香，伴我入睡！
2949853023,日青青青青青青青,女,浙江,,4407771846381078,求老周杭州三张票！不挑位置，16/17哪天都行，救救孩子吧，圆我闺蜜的一个青春梦
5657400125,我是流氓兔兔大人,女,广东,201,4407771778666031,今年不知道广东场我还有没有戏，不能原价抢到票，我不去看你了，真的太难了！去年看了两场   我不想再去帮衬黄牛，正因为喜欢你，所以我才要抵制黄牛。抵制黄牛，从我做起！
5666118602,这样子的小机灵,女,浙江,,4407771761521992,#周杰伦演唱会#     #周杰伦杭州#   网页手机连着刷，然而又有什么用呢？？手都刷僵了，根本就没有到过确认的那个页面         官方微博也发布声明了！大麦每次都吃相如此难看也是让人生气啊！         联合抵制黄牛！从我做起！！
6325588785,好好的everything,男,,,4407771694519061,求杭州周六两连座 700或900 的 黄牛绕道啊。啊啊啊啊啊啊啊 哥哥姐姐们 拜托啦
2443892653,秋叨鱼不爱吃辣条,女,,200,4407771674148068,出一张看台900  杭州11.16 走闲鱼
5261985485,slowhalee,女,江苏,,4407771665436710,太难了 果然是打榜姐妹团 抢票无兄弟 求一张周日杭州场
2876380642,悟空的筋斗云kk,女,广东,,4407771594739352,我要回农村
3509267235,-INTJ,女,浙江,199,4407771564467951,安排！！尽管第二天是肿瘤外科见习也要安排上！！
1659735651,沙抖,男,,199,4407771543809144,#周杰伦杭州演唱会#   男朋友太给力了
6373085937,Migahmigah,男,江苏,,4407771535716677,黄牛都死🐴
6626192504,可爱的怪兽酱,女,,,4407771447023060,求两张连坐票啊，500  7000  900 都可以，可以稍微适当加价，但是不要太离谱谢谢啦，黄牛就不要来了
6577518473,周杰伦超话,男,,197,4407771170088050,买票收票的注意⚠️顶着大麦头像的一律拉黑！微博头像模糊微博里没几条微博的拉黑！不走闲鱼⚠️拉黑拉黑拉黑！！！不要微信转账！支付宝转账！你以为你被骗了报警钱能找回来嘛！没用！清醒一点！要买票一定要走闲鱼！别当傻子好嘛！答应我！
2654423937,天蝎座的苏丹,女,,,4407771090651419,杰伦，我真的尽力去抢票了，为啥见你一面这么难，心态崩了…
2371305025,Qbicccccc,男,浙江,,4407771061563983,真的醉了 超话一堆卖票的 想去的抢不到 抢到的却想着倒卖 唉
6346837127,SNH48-北京烤鸭,男,浙江,,4407770767580674,求一张16号的500.或700
2131989872,长江天际,女,上海,,4407770650134731,大麦网和黄牛这样明目张胆到什么时候。绝对不再用大麦！
5362771625,咚咚哩个锵锵,女,浙江,199,4407770641723041,绝望
1806393244,我是米兰的小铁匠11,女,浙江,,4407770566633109,求  #周杰伦杭州演唱会#  门票17号的一张，可接受少量溢价，感激不尽   ，黄牛勿扰！
1704695612,ABC的朋友们k,男,广东,,4407770486452737,我顶着大太阳只想为你撑伞
2348494454,Iluuu7,女,广东,199,4407770478299346,最近真的是沉溺在周董的歌里了       “你說給過我縱容 沉默是因為包容” “我卻在旁靜靜欣賞 那張你愛我的臉” “感情沒有對手戲你跟自己下棋” “如果說分手是苦痛的起點 那在終點之前我願意再愛一遍” 聽不膩
1700094620,頂級佬幺,女,浙江,198,4407770469636553,激动激动⋯希望今年能让我抢到二爷的票
2654121405,淡色调鱼Liz,女,,,4407770428681291,好难啊 怎么这么难      淡色调鱼Liz的微博视频
2812445475,不是说好了去你家睡吗,女,,,4407770394820381,抵制黄牛 从我做起
7279974070,ddy等待,男,辽宁,199,4407770377429826,#杭州周杰伦演唱会#    #周杰伦演唱会#  出杭州周杰伦16号演唱家门票900票价的。
1778521304,請叫大門美食家,男,江西,199,4407770222444235,抢个🔨抢，不到一秒就没了，希望黄牛原地升天
2094906670,周杰伦不太熟的歌迷朋友,男,,,4407770184604140,还是听妈妈的话吧 哦黄牛没有
1704695612,ABC的朋友们k,男,广东,,4407770063249060,我顶着大太阳只想为你撑伞
2125931832,·初一,女,吉林,,4407770021525670,#周杰伦杭州演唱会#   幸运的
7012741059,黑头音乐大赏,女,北京,,4407770021220349,#周杰伦演唱会#   杰伦在线呼吁大家抵制黄牛，所以你们有抢到票吗？来回味这首杰伦这首《轨迹》。从作词、作曲、到编曲都无可挑剔，每次听杰伦唱这首歌，都会勾起太多人的情感记忆     #音乐大赏#        黑头音乐大赏的微博视频
5466741169,crilyh,女,重庆,198,4407769970758225,求2张杭州900的连座票
3650074471,老李爱喝椰子汁,女,安徽,199,4407769941617495,既然不想看，为什么要抢呢！抢到了立马就出，又说不是黄牛，玩儿傻子呢
2233633612,热门站,女,,,4407769932932693,大佬们帮帮我们这些夕阳粉吧，抢票抢不过，钱也没那么多。唉   #周杰伦演唱会#   对不起，我太难了
2655298444,鸭仔粥,女,福建,,4407769925336739,求两张11.16杭州场700或900连坐 黄牛滚 价高勿扰 诚心诚意求谢谢
1903328645,joylu,女,江苏,,4407769798979069,够我开心很久很久
2880472401,一顾再盼,女,,,4407769795072414,在这个页面崩了，心态也崩了
3292049797,一颗团子多少钱阿-w-,女,,,4407769635612498,为啥我的沉了          一张900换两张500补差价       哪天都可 有无人
5246249015,-kikidove,女,浙江,200,4407769585145706,16号900的场换到17号的900的 有人换吗[淚][淚]
3200251423,WJ_同学,女,,199,4407769584819743,感谢锦鲤啊啊啊啊啊开心到起飞！！！
2367275791,凡阿枸,女,浙江,199,4407769551812214,没抢到真的很想哭，      想要两张看台票，求出～
5480020783,Lihcccc,女,浙江,199,4407769504949236,没抢到票的人气的头疼
1629960603,double_冠,女,浙江,,4407769467374663,#周杰伦演唱会#    #周杰伦杭州演唱会#   求求两张500至900的杭州票，连坐，走咸鱼！黄牛走开
5370859071,木兮君兮-,女,江西,199,4407769245203877,本人有一张11.17杭州场看台票，但是由于11.3刚好是我的生日   现想换一张11.3南京看台票   （不妥删）
3170077313,冬至清明,女,江苏,,4407769169811722,杰迷一生一起走，谁买黄牛谁是狗！！！
2535268057,两位数的ztt,女,浙江,,4407769119367859,姐妹们康康我  我刷了半小时没票         跪求两张连票900 1300 2000都可以接受  黄牛勿扰 真的恶心黄牛这种东西  稍微加点钱辛苦费我都可以接受的        姐妹们康康我
2341140605,Hallzz,男,浙江,,4407769102551117,求杭州两张连坐 啊啊啊啊啊啊  #周杰伦杭州#
6362505301,天鱼丸w冬欲尽a侬最甜n,男,,198,4407769043969277,开心，千辛万苦终于抢到了，想问下有没有歌迷群啊？杭州场的小伙伴拉我进群叭
2774365937,圈内爆姐,女,北京,,4407769010184403,#周杰伦演唱会#  周杰伦杭州演唱会门票又一票难求，周杰伦资讯网官方微博呼吁大家抵制黄牛，避免上当受骗。所以你抢到票了吗？
2870325572,BBT孙浩然,男,四川,199,4407769001932479,是谁没事总蹲在网络上买周杰伦的演唱会门票？？？咋就能一瞬间什么都得卖了？？？？
1860490372,一一一条懒鱼,女,浙江,199,4407768792100076,求两张杭州，黄牛别来
2756799403,McxbeuF_,女,浙江,199,4407768733238802,出周六900两张连坐非黄牛
5715251483,没有圆周的提琴,女,浙江,200,4407768557757032,算了，没抢到票给打个榜吧   我尽力了
1717808065,花与爱丽丝Alice,女,,,4407768520251576,求两张内场1300的，高价勿扰
5939001313,0818阿慧,女,,,4407768515153997,求门票两张啊
5436778018,是偶一啊,女,浙江,,4407768511523376,我佛了，那些溢价转票的人，你们不去 那为什么要抢呢？？？动不动就溢价小1000，你当粉丝都是取款机吗，你抢票是为了赚钱吗？良心不会痛吗？呸！
2141543040,飞白白飞,男,,,4407768448149662,真杰迷们，为了大家共同的良好购票环境，有看到卖票的帖子都点点举报，哪来踏🐴那么多刚买完就身故不能去的？
5687858690,冷冻的三文鱼,男,天津,,4407768423195551,求一张周日（17号的票）10年杰迷。黄牛勿扰 because nmsl
2656156037,叫我大超哥叭,男,浙江,199,4407768406105333,17号 900看台 有人出么 私一下价格
6187842982,小红点儿啊,女,四川,199,4407768389897766,现阶段好好学习 考个工作  然后用工资去看杰伦演唱会 意义非凡了～
5490216281,杨淑琴,女,湖北,199,4407768372739145,求两张700长沙！！！
1761459840,周杰伦地表最强资讯,男,台湾,197,4407768330993997,#周杰伦演唱会#  杭州票抢中了吗
5780257703,blue_开,女,,199,4407768255283271,我也是被爱的 可是我的队友……求票 杭州
2841758070,最佳学员1号,女,台湾,200,4407768226173962,在线求票，两张连坐长沙有没有      ，可接受少量溢价，黄牛绕行啊
1906901882,王萌萌烦不了,女,,,4407768213956026,原价求两张16号杭州看台900的 合适溢价也🉑️ 骗子黄牛粉牛都别来 来一个骂一个奥
1641993180,猫和黎署,女,,199,4407768150430200,求2张杭州演唱会看台门票
5061655036,亲嗳的莉莉安,女,黑龙江,199,4407768133619342,完了，我觉得我这辈子是难看场你的演唱会了，抢票太难了，票太难抢了      眼睛一闭一睁票没了        #周杰伦演唱会#
2703839157,O妖月O,女,河北,,4407768121093540,我就想知道你们不去看为什么要抢票……
3838178713,MD_傲娇鬼,女,,199,4407768100335404,求周杰伦上海10月19号580/980的两张连票～
1746245224,Cindy糖小糖,女,北京,199,4407768032984361,杭州站也是秒空 我酸了🍋
2197637727,峰狂i_330,男,浙江,199,4407767974128249,只想说: 呵呵。 严重鄙视👎 黄牛   ！
3312295545,沈小妞smile,女,,,4407767894516733,900一张换2张500有没有 补差价   不想一个人去看
3607513315,JJJing__,女,湖北,199,4407767806502529,求周杰伦演唱会门票*2 不限场次   不限时间   不限区域 可适当加价
3038152274,YHui1992,男,上海,199,4407767798098455,不容易呀
5874682464,即将拥有人鱼线得村长,男,浙江,,4407767714848778,要两张900连座接受溢价
5285171723,zk张可i,女,湖北,199,4407767689240076,求周杰伦杭州演唱会门票 啊啊啊啊啊啊啊啊 黄牛勿扰！！！  #周杰伦演唱会#
2181558253,聚散应作如是观,女,宁夏,199,4407767516968508,有出南京or上海500/580看台单张的朋友吗，溢价太多别开金口了，粉你妈去吧
5205386088,你的软兔,女,浙江,199,4407767462319682,为啥摩天轮的价格要贵呀
3982726647,tuisizi,女,,,4407767437354501,杭州900*2两张 周日的 换南京场500/700/900 真杰迷来 互不溢价 拒绝黄牛❌ 非诚勿扰
2132489332,Cynthia兔小宝,女,山东,198,4407767412131148,@Cynthia兔小宝 ：济南的票我抢了三次都没有抢到，在家伤心的哭了好久，抢不到以后发现网上各种黄牛票，坐地起价，价格满天飞，也不知道人家是怎么抢到的。杰伦从你2011年第一次来济南开演唱会我就去，之后你每次来我都要去，还跟老公说等女儿大了也要带她一起去，可是我想这次我可能不 ... 全文
2732721805,姐姐的兜兜,女,广东,,4407767403722805,求长沙内场连坐，vip最好。代价来。
1926560257,章鱼小丸子Nic,女,湖北,200,4407767391110219,我可太难了，有没有出杭州2000的小可爱               章鱼小丸子Nic的微博视频
1508350973,圆咪吖,女,浙江,,4407767252652774,有票的来聊聊…
6626192504,可爱的怪兽酱,女,,,4407767198270175,求两张500，700或者900的连坐钱不要太高，黄牛别来谢谢呀
2558362032,peaceful-雨恬,女,云南,199,4407767177523635,嘻嘻，8级了哟
3554737094,超仙兔叽,女,,199,4407767173319429,谁知道这个人是真的么？
5244206763,_巴别塔_,女,陕西,199,4407767097639291,今天和我妈吵架 手机里突然播放听妈妈的话 瞬间觉得这个架吵输了
1739926041,monsterjoke,男,浙江,,4407767093726309,杭州场求票两张，要连座的，谢谢。
5759188519,Max是只三色小母基,女,,201,4407767043587976,打榜是一家人，抢票就不存在一家人这么一说了    求票求票 杭州站
1948786137,Nothing-LastForever,男,浙江,,4407767026467571,成功用之前抢的长沙换到杭州的票~11.17见啦~
1805429560,Angela-SLong,女,浙江,199,4407767010125328,求三张2000内场票，无论南京、上海还是杭州都可。
3531920922,pe-trichor,女,上海,,4407766925862800,杭州场17号900看台有人要吗
3523135764,利一白,女,,,4407766896437288,粉牛原地滚！！！！！ 别来超话污染环境！！！！！ 溢价帖别来这里丢人现眼，你就差那几百块！！！！！！！！！ 凡有溢价帖，大家看一个举报一个！！
5198956011,Q-Bblythe,女,浙江,199,4407766875351693,出一张长沙700的票，想去杭州的了
2369910332,莫l墨,男,浙江,201,4407766871516564,求两张11.16杭周杰伦演唱会的门票，原价原价，拒绝黄牛，谢谢了，想看个杰伦真的不容易
7241619111,Flipped_岐,女,北京,199,4407766757899254,我的两次杰伦演唱会抢票记录如下： 第一次  13魔天伦天津场  定好闹钟开票时间进大麦开抢  点进去可以在线选座  纠结了好久座位  中途还打电话给别的朋友和我们一起看演唱会  提交订单的时候都离开票时间过去快一个小时了依然票源充足   第二次  16地表最强西安场  只能用地表最强app   ... 全文
5225329247,承诺未签,男,江西,190,4407766691534551,原价转让买的黄牛票，原由是自己又抢到了原价票。
2391565142,米丁丁xx,女,陕西,,4407766615364329,#周杰伦演唱会#   求两张周杰伦南京演唱会门票，内场和看台都可以
2325060434,弓长海伦伦,女,浙江,199,4407766586487768,不行！！我再也不喜欢周杰伦了                     这就是因爱生恨！！
6297535835,是卢旭杰喲,男,,,4407766553109283,顽强的我还是想收一张周杰伦杭州的票原价500 700 900的票 一张就好
6328543545,封闭货车的副驾驶2580,女,广东,,4407766535762433,找两张500或者700的  杭州的那天都可以  拒绝黄牛  黄牛滚开
2327539027,狗子还想看周董演唱会,男,湖南,199,4407766502430732,挂一个刚刚抢到票就没空去看演唱会的没妈妈的黄牛
5355125422,陈姿彤为你高歌一曲,女,,199,4407766443123490,大家注意不要被骗啊 太可怕了
5492394406,熟悉的荒凉l,女,上海,199,4407766426575336,都抢到票了吗   我没有
3527642925,金王诺璇,女,上海,199,4407766405733212,有没有要杭州换南京的   我抢到一张南京的11.2 900的 想要杭州场900的
5610235471,爱美的小老师,女,江苏,,4407766380330205,一票难求 忧伤了😔
3884901344,是皮神庄啊,女,山东,,4407766368196718,太难了  #周杰伦演唱会#
3444552264,-蜜桃汽水-,女,浙江,,4407766355109489,2019.11.16 杭州900看台连座  黄牛勿扰
1642551011,不改掉睡懒觉不改名,女,北京,199,4407766329883185,终于收集齐了杰伦所有的歌    想要的小伙伴关注后私信留下邮箱
5271857540,猫小月i,女,陕西,199,4407766297006694,#周杰伦演唱会#   今年官方APP地表最强就售了一场票，其他的全被黄牛网站包了，但是即使这样，抢不到票，我都不愿意去买黄牛票，或者那些打着粉丝名号刚抢到票又往出转的粉牛，不想一个人看为什么要一个人抢？朋友没抢到或者朋友多抢到了要在原价的基础上加五百六百七百八百九百？这是真杰 ... 全文
5141629223,拜托对我温柔一点,女,,199,4407766284102627,z     利威尔超话    z zz  qq--Aax
5531368936,粥杰伦_晴天,男,,,4407766279905261,累哈！！！
3826639384,阳光落在那天午后的一整条街,女,浙江,199,4407766279900102,周杰伦杭州连续三次没抢到票了！！实在买不到票！！在摩天轮下手了，求问摩天轮票靠谱吗！！
2003144571,天空白云等等见,女,湖南,,4407766267089082,求两张周杰伦杭州站门票 周六周日都行 黄牛请绕道
5907212674,风吹奶两边抖,男,吉林,199,4407766137020407,我太难了
5046918626,周杰伦的快乐女孩,女,浙江,199,4407766019847446,真的不是所有人都配得上“杰迷”这个称号 🐂biss “粉牛”也biss哦
1661174594,静雨潇湘_fhp,女,天津,,4407765973345744,有一段时间特别迷恋暗号这首歌，现在又想起来了，到底是谁和谁的暗号
5561035429,笨丫头的失车菊,女,浙江,199,4407765944191724,#周杰伦演唱会#  抢不到票 能给我评论都是杰伦的歌词吗 安慰安慰我受伤的心灵
1865658821,抹茶星冰很好喝,女,,,4407765890365527,大家眼熟下这个ID，一张门票翻倍卖，怕是想被大家口水喷吧
6566917232,用户6566917232,男,,200,4407765856745332,#周杰伦杭州演唱会#   常规操作
1782279382,一只小白羊羊羊羊羊羊羊,女,上海,,4407765604554018,抢了半天还是没抢到    今年怕是看不了演唱会了      #周杰伦演唱会#
5189281623,口可口可口可口之大,女,浙江,199,4407765545981681,北京演唱会开售了吗？有没有人知道啥时候可以买
5481018562,并不知道用什么昵称,男,江苏,199,4407765503947484,求助，第一次看胖伦演唱会，看台票有啥建议不？是不是要带望远镜什么的
1752399414,大鱼爱小瑜,女,,,4407765500281795,上海 南京 济南 厦门 长沙 杭州 完美六连败
3937126486,ROse_UC,女,湖南,199,4407765457611102,我一路向北
2846549453,可乐一罐叭,女,,199,4407765411364349,终于人生第二次了！！！！         周杰伦！！！说了再见才发现一定见得到💕💕💕从地表最强到嘉年华   不管多少次我都能哭死   抢到的不是票 是幸福！！！💕😭
2473084161,小小小小小小小白Sept,女,上海,199,4407765289720899,我这辈子怕是看不到杰伦的演唱会了，真的好难过。只想把第一次演唱会经历给杰伦。从上海站抢到杭州，不想放弃又不得不放弃。
5525284226,音乐那点事,男,北京,199,4407765264912003,#周杰伦演唱会#   周杰伦杭州演唱会时间确认在11月16-17日连开两场，又又又又又一次的一票难求！所有价位门票1分钟之内全部抢空      为了抵制黄牛乱象，歌迷自发抵制，宁愿不去看，也坚决不买黄牛！真的很有态度了！
2864818760,是蕾蕾呀_,女,黑龙江,199,4407765080266447,打榜一家亲 抢票时候六亲不认 第三次了    我太难了
2461508674,国内星闻,女,,199,4407765071671282,#周杰伦演唱会#  周杰伦在线呼吁大家抵制黄牛，那么你们抢到票了吗？
7270446269,否极泰来198605,男,江苏,200,4407765017972066,那些能够原价出票的杰迷也太好了吧
1693449781,捉影_,女,湖北,,4407764996468536,数据有啥用 还不是屁都没买到！！！
5630076749,阿刘刘刘刘刘x,女,浙江,,4407764967056543,求票！！！想要杭州站的！！
2091071067,生活何來電影戲劇,男,广西,199,4407764962849950,杰迷们  要不要买两张黄牛内场票去看看嘉年华啊  还得找一个人一起去看  我真的好难好纠结啊啊
7190406444,做个幸福的小废物W,女,,,4407764954927888,收两张周杰伦演唱会 杭州站 连座两张 500 700票价的
5713582488,CICI喔哟,女,湖北,,4407764900142042,#周杰伦演唱会#    不知道啥时候才能抢到票去看    抵制🐂希望以后真的能实名制抢票看演唱会
5446753571,阿城的可爱静,女,浙江,199,4407764870441042,求16号500或700两连坐 黄牛就别来了
1843980103,大懒今天也很懒,女,,201,4407764841243489,求两张周杰伦演唱会门票呀         哪个场次的都可以。票价900以上的两张连座。         真的太难了。  #周杰伦杭州演唱会#
2327539027,狗子还想看周董演唱会,男,湖南,199,4407764832831069,黄牛没妈妈
3811380326,一箱颂崽,女,浙江,199,4407764762124358,#周杰伦#    #周杰伦演唱会#    #周杰伦杭州演唱会#    帮姐妹求杭州站4张500山顶的票 欢迎诚心转票的兄dei姐妹 黄牛就滚远点儿!!!
2113472543,非无非-,女,陕西,,4407764732239100,抢到票了 杭州安排起来 我一定要好好享受这场盛宴 从小学还是初中（已经记不清了） 到现在一直都是听歌而已 没想到我也要去看演唱会了 太开心太开心太开心
1246213690,静子里的星星,女,江苏,198,4407764690673781,求张你的票真的太难了
5939824430,我是七七啊七七,女,,,4407764619481408,就帮朋友出一张票面900的票，可以直接改地址寄去你那里
3136383991,小曹今天刷题了吗,女,浙江,199,4407764614570085,长沙大麦抽奖414....       网页链接
3961011413,杨超越秘密男友,男,,200,4407764555734522,嘻嘻嘻
5110150580,101等你下课,女,浙江,199,4407764530765864,再见周杰伦 年年抢不到 年年秒光…… 我太难
2325060434,弓长海伦伦,女,浙江,199,4407764501605528,能不能卖有技术含量一点的票啊啊啊。这样怎么抢啊！！！
3691566554,音乐盒子_BoX,女,山西,199,4407764404678862,#周杰伦演唱会#    周杰伦《一路向北》演唱会版 我一路向北，离开有你的季节 一定要到现场看一次周杰伦演唱会 满满的回忆和感动 如果演唱会抽到你点歌 你会点哪一首歌呢？   #华语流行音乐#         音乐盒子_BoX的秒拍视频
7225022218,野原鸡腿有,女,广东,199,4407764401249022,出一张900的，只出给杰迷
3579774532,橘猫不显胖,男,上海,199,4407764384182658,五月天超话   这两周看五月天和周杰伦演唱会转票这回事情，全都是粉丝没一个黄牛         900的票2200转神尼玛粉丝      一个个都抢多了抢重了，多重尼玛个臭嗨可以吗         还临时去不了，还有两个月你特么就知道去不了你抢个锤子      当了biao子我求你别就装白莲 ... 全文
2703602633,十一女装真好看QAQ,男,黑龙江,199,4407764354495838,不抢了，抢不到。放弃了.实在不行只能牛那边买了。妥协
1892470890,了不起的吴豆比,女,,,4407764350289195,来自一个每次抢票每次两手空空的朋友 周杰伦救救孩子吧
5607435161,一壶蜜茶,男,浙江,199,4407764295917568,刚抢到就说有事去不了的，演唱会在十一月呢，我想问你们是未卜先知吗，黄牛就黄牛，说得那么清新脱俗
5739149442,肥羊的秘密花园,女,,,4407764279847533,可咸鱼
1835757320,Carefuly,女,浙江,199,4407764258077689,真的好无力啊……杰伦你忘了为你打榜的夕阳红粉丝吗？           #周杰伦演唱会#
2623682911,_是楠楠啊,女,浙江,199,4407764245989562,求两张杭州700或900周杰伦演唱会门票，可接受微溢价
2593174790,正版妖熊,女,北京,,4407764220777506,一个小时之前我都快哭了，我竟然抢到了   杭州16号900的票！！！！我觉得我今天运气爆棚了               我都怀疑是不是因为我办了魔J卡   然后我用了一个小时卡的要死订了一间酒店    如果有11月9号10号（最好9号啦）长沙同价位900的票，可以换一下    ... 全文
3390199230,杰世不羁jack,男,浙江,201,4407764212117468,求周杰伦杭州演唱会一张票 500到900 可少量溢价 走咸鱼 黄🐂勿扰
5100341004,今天胡温和转钱了吗,女,浙江,199,4407764182697520,周杰伦杭州演唱会门票，周六900看台一张，接受适当溢价，黄牛别来了！拜托！
3068310495,荆棘崖上的多米尼克,女,北京,,4407764157205488,求两张杭州场演唱会看台票，500 700 900 都可以，但是一定要连坐，哪天都可以。骗子黄牛勿扰          抢票这件事，让看演唱会的快乐大打折扣了，我好想念那几年，买票真的很轻松
1840274303,周杰伦微博资讯,男,四川,197,4407764136450952,对那些抢到  #周杰伦演唱会#  门票 马上高价转出的人说句 滚蛋            一起抵制黄牛，请勿乱相信转票的，小心上当受骗！
1794041163,系你条仔,女,江苏,,4407764111511930,出
5189025383,守護丶剣,男,浙江,,4407764078128688,求购11.16杭州3张内场票   黄牛和骗子勿扰
7013363794,咪咕音乐现场,女,四川,201,4407764053145584,#周杰伦演唱会#   周杰伦蔡依林这个版本的《给我一首歌的时间》可以算是名场面了～蔡依林走向周杰伦的那段简直绝了！ 悄悄告诉大嘎：咪咕音乐app可以免费听周杰伦的所有歌         咪咕音乐现场的微博视频
6837057215,庄周梦5376,女,浙江,199,4407764048468873,想要两张周杰伦杭州演唱会900连坐票，接受3000以下溢价。
5633877243,用户5633877243,女,,,4407764027429733,打榜已经结束。剩下是抢巡演的票了？你抢到了吗？来来来，欢迎加入杰迷群，让我们一起吐槽票有多难抢了吧。想进来聊天的杰迷。可以评论下方私聊我。
5023732162,酒掌柜吖,女,重庆,199,4407763998006076,黄牛能不能给个机会 我想去看个演唱会就这么难吗
1960199912,海洋忆梦_269,女,江西,,4407763977510932,同伴没有抢到，自己又忘记抢两张啦，忍痛割爱，有想要的吗
2292313775,江沅阿,女,浙江,199,4407763914240399,就因为900的票都能卖1500 多少抢票的只是为了卖而不是去看他的演唱会
5018019294,我看不淸,女,,199,4407763905833222,我太难了 周杰伦女孩认输！
5633877243,用户5633877243,女,,,4407763872938353,打榜已经结束。剩下是抢巡演的票了？你抢到了吗？来来来，欢迎加入杰迷群，让我们一起吐槽票有多难抢了吧。想进来聊天的杰迷。可以评论下方私聊我。
1932092815,邱杰伦_,女,湖北,,4407763867980096,黄牛死🐎
5641407743,裹着老干妈的炸鸡块,女,浙江,199,4407763856134336,11.16 有【出】4张 900价位的大神吗          #2019周杰伦杭州演唱会#   小的想看演唱会
3910724701,可卡可可咖,女,浙江,,4407763855870889,求两张11.17    500杭州的最好是连坐，不连坐也可以
5782325901,娱七怪,男,福建,,4407763851458344,#周杰伦演唱会#  真的是需要抵制黄牛，演唱会本身是粉丝的狂欢，现在已经改变了性质了，变成了黄牛的狂欢了   还是回温杰伦的之前的作品吧         娱七怪的微博视频
6423771851,大概是妖精,女,浙江,201,4407763830441498,上海杭州的票都没抢到呜呜呜呜呜 有没有小伙伴想出10.19上海演唱会的票啊 【超真心】
1826196954,NGPer,女,广东,199,4407763817546261,我竟然是天选之子？？！！！！！
2128552802,公子潇88,女,,,4407763800726263,从三点15分守到20分，啥都没有，意难平啊啊啊啊啊
6325588785,好好的everything,男,,,4407763792615259,求杭州两连坐 黄牛绕道啊
3004074691,桃子还是爱吃桃子,女,北京,,4407763775772283,长沙900求换杭州900，长期求换票~
1800655183,-310--,女,浙江,,4407763700403027,求四张700的票！！
3413879312,-陈南南,女,广东,199,4407763670682143,嗯，不妥协。
5225725785,酷酷的歪歪鸭,女,安徽,,4407763641526098,这次杭州演唱会没有票价700的吗？都没看见有人抢到
5530662542,_鱼丸丸丸Wait,女,浙江,200,4407763638106405,我买了11.16的票 同学是11.17的 想着把她1700的票换到周六 或我900的换到周日 有bb换吗
2705771072,Lu-大希,女,重庆,199,4407763624713943,#周杰伦演唱会#   我是怎么在黄牛手中抢到了这么一张票的，过去一个小时了，手还在抖
2535268057,两位数的ztt,女,浙江,,4407763603693852,姐妹们康康我  我刷了半小时没票         两张连票900 1300 2000都可以接受 这种黄牛勿扰 真的恶心黄牛这种东西 稍微加点钱辛苦费我都可以接受的       姐妹们康康我
5643793416,西南政法大学镲王,男,安徽,199,4407763582981015,有周杰伦的歌迷微信群吗         好想加一个！！！！
5369652657,miss徐小懒,女,,,4407763570846487,我想知道今年还有预售吗 还可以抢票吗 真的想跟朋友一起去看 求告知
5123783350,小说控的我书荒了,女,浙江,199,4407763561967851,我抢到一张杭州900的，可我想和朋友去，所以有没有抢到连坐却想一个人看的【我知道不太可能，但要有梦想】我可以补差价，呜呜呜呜呜
3675856983,Aloe-9,女,浙江,199,4407763561663353,小刘太难了
1973331343,木木王老师,女,浙江,,4407763549047650,#周杰伦演唱会#    #周杰伦杭州演唱会#   全程陪跑，告诉我你们都是怎么抢到票的？太难了。
3134599603,我就系最靓的仔,男,广东,,4407763536706098,日常营业    欢迎各位小伙伴光临本店    欢迎帅哥美女们来互捞
5432015071,shen菇凉521jay男人,女,江苏,199,4407763511985934,我们都特别想看杰伦，但是购票需谨慎，特别是别人的票时，别被骗了。千万要小心。
5126598580,只要是你都不算太晚,男,浙江,199,4407763427419800,日常捞积分
3927926846,一碗番茄牛腩面,女,浙江,199,4407763419344263,我特么笑死 900您出2200 您有这么缺钱吗你这不是黄牛难道还是水牛啊
2602773830,源仔,女,,,4407763368838128,求两张杭州看台，接受适当加价，黄牛勿扰了谢谢
5199571367,木一木休,女,浙江,200,4407763339412422,10.19上海求求了 拒绝黄牛
2691398620,壹個浪仔,男,,199,4407763331007586,换一张17的有小可爱吗？
3465077564,SOONSOAR,女,陕西,199,4407763331005403,杭州站17日 抢到了900的，太穷了想换500的，有人换吗？可以现场面交的那种
1792977904,Eva酱和小乖乖,女,广东,199,4407763293982872,抢到两张票了，老公闺蜜都不和我去，我和谁去？
2292313775,江沅阿,女,浙江,199,4407763293432656,三年没抢到 气的说不出话
5697622285,yx-18,女,福建,,4407763289745834,求2张看台900的。谢谢
1804220893,现丶现现现女友,女,上海,201,4407763238789623,求杭州演唱会 16.17都行 内场票 求两张连坐          ，可以给一个没有看过的人一次机会吗          ，骗子，黄牛滚！
1994429261,水底珠,女,浙江,,4407763226701230,跪求 周六 900看台一张 有人出吗
3618937162,Binibini彬,女,江苏,199,4407763226181556,求杭州两张900连坐的，周六，周日都可以
3052356903,morezazaza,女,浙江,,4407763200965710,求杭州11.16两张 700，900，1300都可
5210073138,Msenseyeis,男,四川,199,4407763171541902,#带着边框一起拍#   一起来寻找记忆中的“周杰伦”！
2057843584,AkA_freely,男,陕西,,4407763163957061,今年是咋了 咋就这么难呢 杭州 抢不上 厦门抢不上 南京也抢不上 .....
5642193591,uOiiiiii_,女,浙江,200,4407763146672826,我似乎感受到了些许绝望 求！！周杰伦杭州黄龙11.16看台票！！
7200626287,故事的小黄花飘落在爱情悬崖,女,,,4407763109107789,炫耀一下～抢了好多次终于抢到了，本人感觉这次好抢一些。
1033438261,捧着风O,女,山东,199,4407763058324372,真心想出一张700的票      #周杰伦长沙演唱会#    可以私我 走咸鱼
1839290993,吃饭睡觉玩兜兜,男,浙江,199,4407763033362408,求两张周六900连座的票  可以接受适当加价
5157805325,甜甜的倔强,女,浙江,199,4407763013189006,抵制黄牛，从我做起！
7270446269,否极泰来198605,男,江苏,200,4407763008142337,求杭州站，南京站星期六的票，可小刀但大接受不住学生党一个
5880662502,HaChul-A,女,浙江,200,4407762975060725,#周杰伦杭州演唱会#   出周杰伦杭州演唱会11.16周六900价位看台一张
3220064871,池于_Eddie,女,黑龙江,,4407762966108665,打榜一家人，抢票是愁人。😒
2288010632,涵儿Jenny,女,,,4407762962451212,TMD好恶心啊   我抢不到所以心态爆炸了，上微博和群里姐妹们诉苦，然后看了看超话   有些蛆今天刚抢然后就转票，还给你溢价   回头还骂你自己没本事抢不到，瞧把你给能耐的   不去看还去抢噢，自己不是黄牛噢   你不是黄牛是啥
5824054920,金刚芭比shmily,女,江苏,199,4407762962251548,我有一张周六900一张周日900，有人愿意跟我换周六900或周日900连坐吗？在线卑微
5856663344,蟹肉火腿肠,女,,200,4407762928831849,我好快乐，今年好满足啊！见到了王俊凯，这下又可以见周杰伦了！这两位都是我喜欢了好久好久的，希望今年还可以去王俊凯个唱，这样子我就圆满了
6354067429,芋圆头号粉丝儿,女,广东,199,4407762916020758,抢了票之后以各种理由出票或者不走闲鱼的，要不就是想借周杰伦赚钱，要不就是骗子，骗子新招很多，任何不走闲鱼叫直接ex zfb转账的都是骗子，转了账之后直接拉黑，钱就追不回来啦
5110150580,101等你下课,女,浙江,199,4407762916017091,没抢的 过来安慰的抱抱      101等你下课的微博视频
5348191770,娱星酱,男,江苏,199,4407762903326751,#周杰伦演唱会#  周杰伦演唱会来了，大家都知道门票难抢，千万不要去其它地方买黄牛票，以免上当受骗！
1785526310,锦鲤菌_,女,江苏,,4407762890800147,#周杰伦演唱会#   抵制黄牛
6459916206,今天是哈密瓜味儿的,男,,,4407762862140416,杭州900看台出一张，代价私聊⑧
5715251483,没有圆周的提琴,女,浙江,200,4407762857937522,真实的，我落泪、情绪零碎
5897859104,今天来看看我了吗,女,江苏,199,4407762857437824,#周杰伦演唱会#    #周杰伦杭州演唱会#    周杰伦内地六场演唱会 有需要的都可以来问👌🏻 不要等，有经验的粉丝应该知道 等着等着，就买不起了。
3045940357,我的闹钟怎么叫不醒我_,男,山东,,4407762857437806,1000出一张10.27济南的800看台票。
2737892344,宁其佳啊,女,广西,199,4407762819820036,#周杰伦演唱会#   谁买黄牛谁是狗
5686478471,娱乐翻车现场,女,北京,199,4407762794601312,地表最强忘词   直接freestyle，现场改编，简直太帅了      #中国新说唱#        娱乐翻车现场的微博视频
1611841303,Vivsse,女,浙江,,4407762698482901,我竟然不知道今天开票       求票2张 杭州上海都可以
2147072860,沉默不语的一段,女,上海,199,4407762664352545,有票了 真的激动的哭出来
5199571367,木一木休,女,浙江,200,4407762660156442,上海10.19场有票吗 跪求了
1865658821,抹茶星冰很好喝,女,,,4407762655853416,求两张杭州站看台900的，16、17号都可         黄牛，高溢价者勿扰
2473386071,一年13个月都在努力减肥的瑞星星,女,北京,199,4407762601578156,绝望到哭泣！！有没有姐妹愿意转杭州站900看台票？哪天的都行！
3138570524,Juna_R,女,,,4407762530127218,对！我答对了！还进去了！能选到票！ 周六没抢到，倒回去还能选周日！ 然后，  #天气既天意#   最后付款的时候卡死了
6577518473,周杰伦超话,男,,197,4407762513812916,收票求票的！既然你写了拒绝黄牛那么就不要接受溢价！！！抵制黄牛人人有责！所谓“歌迷”加价都是黄牛！
1811943470,3xinc,男,,199,4407762509113656,两张11.17 900杭州的 想换上海的 ！
1971188661,小R今年要怀挺呀,女,,,4407762484665047,太难了   上海南京杭州都没有抢到，只抢到济南的，有没有人想要用江浙沪的换济南的   求求大家了   求换啊啊啊啊
2884630650,森胤屿夜,男,浙江,199,4407762370558604,900杭州的收两张🙏
5487521075,蹊成自下言不李桃,男,甘肃,198,4407762362548542,再往前追溯到大学的时候，听的第一首歌应该是《东风破》。
1790794993,milk_suu,女,,,4407762333127609,求周杰伦上海580/980两张连票，杭州南京500/700两张连票～ 骗子黄牛绕道
6109883893,氘里咦叽,女,浙江,,4407762311711608,求杭州站周六的看台票                     我真的抢不到
5538725607,一只拉面熊,男,浙江,,4407762308399544,杭州求500/700/900 连坐  溢价别太高就行
2499790700,CHENGCHENGXU-,女,浙江,,4407762299511891,或许有没有今天抢到杭州门票的朋友想换一张南京的鸭
5100814966,漆木先生,男,浙江,199,4407762278496319,黄牛你妈买菜必涨价，超级加倍！ 你爷爷下棋必被指指点点！ 你奶奶跳广场舞没有背景音乐！ 你打游戏电脑必重启！
1747946431,用户d100ylwnui,男,,,4407762274298781,有两张1117，900两张
5875846928,叁斯人,女,浙江,199,4407762274297686,求周董杭州站演唱会，700/900的门票，谢谢🙏
6370011631,柿子娱乐,女,北京,199,4407762211521248,#周杰伦演唱会#  周杰伦演唱会来了，粉丝们现在抢到票了吗      想看一场杰伦的演唱会太难了 ！
5252723681,陆小王SS,男,河北,199,4407762182106594,日常互捞打榜积分
6045901429,Mr_TZC,男,河北,198,4407762173947980,抢到了2张
6621506773,宇宙小慧星,男,,201,4407762157351822,出一张杭州周日900的
5239748223,GY露,女,,,4407762156722238,怎么想看个演唱会那么难？？？
5372894244,美少男的小女友,女,浙江,,4407762148492549,有需要的吗！
7120466133,我的儿子必须出道,女,浙江,200,4407762144112430,有没有姐妹接受周日换周六的
6383215552,伦粉阿lin,男,浙江,200,4407762131917495,求周杰伦2019杭州演唱会11.16，700或者900价位的单张，可合适加价
2634437207,只想睡觉的懒羊羊,男,四川,,4407762107184080,哪位小伙伴知道成都站大概什么时候卖票吗？
1922549053,只是在的小猫,女,浙江,,4407762073351096,求一张杭州的票，💰➕的多的勿扰
2897957105,影娱学长,男,福建,,4407762060302051,#周杰伦演唱会#   抵制黄牛从我做起！！！ 哈哈哈 周董这次的演唱会你抢到票了吗    那么你还记得你是从哪首歌爱上周杰伦的呢？ （评论区补充）      影娱学长的微博投票
5886150530,微之南衣,女,上海,,4407762018472381,#周杰伦演唱会#   不出所料  继上海南京之后  杭州又没抢到              今年是看不到了么              算了  明年再抢吧  正好今年新专出不来
6144700566,我真的是超可爱了,女,安徽,199,4407761993259865,两个月前抢上海站的票，当时我刚实习，刚拿到第一笔工资，也是第一次抢票，意料之中没抢到。很难过。周围的同事那天下午都在讨论没抢到票，我还在想身边杰迷真多，谁知道他们是在遗憾，遗憾没抢到，没法高价转卖出去了。第一次知道还有这种操作，那一瞬间真有点想哭了。
6010918765,李大姗shan,女,广东,199,4407761859045056,今年还有吗          我的生日愿望啊，过了那么多久了，今年生日还要再许一遍？？？
3050949701,全宇宙最什么-,女,浙江,,4407761796666494,跪倒在付款界面 好惨一女的😭
3646166581,古拉娜拉之神,女,云南,199,4407761783415064,杭州演唱会两个人的门票太难抢了 之前抢到的长沙演唱会门票的运气没有延续到杭州场 惨兮兮
2533579001,爱周颖真是太好了呢,男,,,4407761767241970,求两张两连杭州900的，我特么该信谁
2687452913,zdx痣多星,女,,200,4407761733218577,开心
2889812924,2x-Hh,男,,199,4407761703545298,出一张长沙700看台票
5530662542,_鱼丸丸丸Wait,女,浙江,200,4407761682790292,买错了11.17周杰伦杭州的演唱会1700内场票 想换成11.16的 或者价格合适就出 或者换900看台票补钱
6484090589,小亮歌,男,浙江,,4407761665979576,求一张杭州500的票，当面交易
2468002875,两米一大长腿呀,女,浙江,,4407761662036267,求杭州16号看台票900票价2张～接受小幅度溢价，拒绝黄牛🐂。谢谢
1352693761,西游却似东行,男,浙江,199,4407761608045825,原价出一张周杰伦杭州演唱会900的票，只出给微博看起来像真杰迷的，小号黄牛不回     #周杰伦演唱会#    #周杰伦杭州演唱会#
1791914971,Ritawkr_,女,上海,,4407761607398276,我来了我来了 开心！两张票超级顺利的买到了
5797712653,安静的世界我不懂,男,,,4407761602927777,出11.17周日900看台一张，走平台。
5874052481,今年我要长胖十斤,女,浙江,,4407761582181192,求杭州五张900/500，两张内场      可小溢价，黄牛勿扰！！！！
5127900096,少o女,女,,,4407761578248810,求杭州站看台票 黄牛勿扰！！！
2837109314,没有酒窝的头像,女,,,4407761569566030,杭州的票有多的嘛 求转
1775962321,戀愛眠葯,女,浙江,199,4407761557224068,求杭州的2张700或900的票，可接受适当加价，黄牛勿扰
7251060660,木子王见的soso,女,广东,198,4407761528079641,#周杰伦演唱会#   jl  #周杰伦杭州演唱会#   胖伦的票太难抢啦 @周杰伦资讯网官方微博
2336535585,今天喝假奶了吗,女,浙江,,4407761515196229,哥？在吗？你知道你的票被官方锁了多少吗？
2371305025,Qbicccccc,男,浙江,,4407761473815601,夕阳粉丝团又一次追星失败 tb上票价翻倍了
5574507460,那你喜欢晴天还是雨天,女,安徽,200,4407761385164544,
3760354675,ciiiiiiiriiiiiii,女,浙江,,4407761372281841,#周杰伦杭州#    #周杰伦杭州演唱会#   我不是黄牛！我真不是黄牛！！我脑子抽筋了买了1700的票，结果除了我小伙伴都是900得票，有没有旁友跟我换900的
2209958194,辣味迪,女,江苏,199,4407761359948837,抢到济南十月27的 单张900看台 南京站没抢到 又买了别人的南京场 就放弃济南了 也可换南京
3544085912,碳酸终结者KK,女,浙江,199,4407761359672429,求16两张500连坐！！因为那天最好的朋友过生日！！求求求！黄牛骗子都不用来
2747345987,非主流大哥哥,女,浙江,,4407761351539140,从上海站到杭州站，一路陪跑，我太难了
1827017574,花沢芹菜,女,广东,199,4407761313689929,我枯了男朋友就只抢到了一张16号杭州的票 不开心
2468469555,南珞_字天霸,男,浙江,199,4407761305619246,都在转票求票   我想问下有没有后援会的活动，现场可以领手幅吗，需要带灯牌吗，需要我现在开始怼超话等级吗
5704957037,火锅心头好,女,湖北,200,4407761280064304,杭州17号900换500，有人吗？
5710835025,北空港南城海,女,浙江,,4407761267455606,帮同事抢的 她自己抢到了 有要的可带价问
3985186217,CCCcHeNzL,男,上海,199,4407761221502458,#周杰伦演唱会#    #周杰伦杭州演唱会#    #周杰伦上海演唱会#    一时心急只下单了一张   ，本人在上海，有跟我同样情况，人在杭州抢了一张上海的票的小伙伴吗，咱俩可以换换嘛   ，奔驰中心环境好，我可以加点价没关系的   ，磕头了🙃
1931485950,BIKMANEE,女,浙江,,4407761209234414,超话变成了黄牛和粉牛专场
2837109314,没有酒窝的头像,女,,,4407761184022930,有人多买了票的吗 转我😭
3507947395,我可以一天吃三顿,女,浙江,,4407761171040862,我太难了，，等到杭州，抢不到
1898668210,Mr_caiiiiii,男,浙江,,4407761154222540,求两张杭州的票，价格随意，卖的联系我
2805677152,Iron小菜,男,上海,198,4407761137706114,求杭州两张连座票
3008212045,司玉哲,男,,190,4407761100235426,太激动抢错日子了   抢了一张周日1700的票，有想换周六同价位的吗？或者有没有想要的？
7251060660,木子王见的soso,女,广东,198,4407761062013268,#周杰伦演唱会#   jl  #周杰伦杭州演唱会#   胖伦的票太难抢啦 @
3058305461,爱伦伦y,女,浙江,199,4407761050108619,不知道是哪里出了错，这几年演唱会的票都好难抢，我真的好想见你，可我真的太难了
2714008854,我就是你的化妆师呀,女,浙江,198,4407761024488970,断掉了      太尴尬了
3743511392,今天很苦,女,浙江,199,4407761024482150,有没有杭州换南京的 我是南京900
1955370681,阿琲Hebe,女,,,4407760977939145,老年人抢票 手速果然慢半拍   参与了就好
5505503697,CchuYuu,女,浙江,199,4407760894135889,太难过了，一分钟全没了
6023319611,HY-隔阂,男,浙江,199,4407760878302575,#周杰伦演唱会#  杭州铂金名筑转租一个房间，采光很好，客厅有电视，做饭也方便，有需要的联系我15167859752微信号
1792834310,_WendyJ,女,浙江,,4407760789772817,太难了
6429538606,甜糖精灵鹅,女,广东,,4407760748006796,爽快！！！
3887949638,dys小龙女,女,,199,4407760748004344,
5874052481,今年我要长胖十斤,女,浙江,,4407760744070430,太难了！！求两张900连，可溢价，恨死黄牛   黄牛勿扰！！！
3847695603,过得好一点吧-Y,男,浙江,199,4407760743402236,周六杭州内场两场，黄牛骗子别来
2490625857,fivetwoone1,男,浙江,,4407760684969072,求问大佬们下次抢票时间大概会在什么时候啊？🙏
3863431269,Zz_654-2,女,浙江,,4407760680622035,求两张杭州连座看台票 周六周日都行啊 最好是原价的那种 抵制黄牛    太难了
2269842700,丹宝的迪宝,男,浙江,199,4407760642444663,真心烦躁啊，这么多人抢票，每次提交订单就奔溃了。真正的歌迷几千几万人抢几张票。还不如那群狗比黄牛分配了很多票。这世道真垃圾。
2509236993,lemon梦-,女,浙江,199,4407760625630922,卡点进去的，还是抢不到票，我太难了。    有姐妹组团在体育馆外面听的嘛     #周杰伦杭州演唱会#
3579896253,Xback小胖丁,女,湖南,199,4407760621777206,运气爆棚
5727652943,一只没有灵魂的仙女,女,浙江,199,4407760567050936,好烦，竟然没把手机放身上然后忘记抢票，现在一群黄牛到处叫………
6011264943,这个小机灵儿,女,天津,201,4407760562947715,17号看台🎫一张 走咸鱼有要的吗
1783298327,螺丝钉LSJ,女,浙江,201,4407760562845815,2019.8.21 发帖记录一下 一直都觉得这一辈子一定要去看一场周杰伦的演唱会人生才算完整 幸好我抢到了 青春里的周杰伦 11.16日见
5358283906,想请狮子喝奶茶呀,女,北京,,4407760550599985,头一抬就看到了  好大一屏
2945192747,玛丽莲露梦娜,女,浙江,199,4407760529585333,跪求求杰伦杭州演唱会门票哪天都可以
3970765543,李赫宰1985,女,安徽,199,4407760499797490,周杰伦演唱会超话   900一张的看台票卖2200，我想问问真的是粉丝吗，大家不要买，这些人不是粉丝，就是黄牛，太恶心了
2183960751,才没有那么酷,男,,199,4407760499796395,收杭州演唱会门票。面交
6100008678,说我先转账,男,,,4407760495964578,找人一起看杭州11月黄龙演唱会 本人只抢到了一张900看台的座位 （第一次抢票没经验，现在哭死         ） 有无小伙伴一起？没有的话我过几天来问问 一直问到十一月…
5368405862,不戒网瘾不改名_,男,安徽,,4407760495593245,这种人真的是笑死我了
2152197724,96年的余阿_,女,浙江,,4407760487714614,求两张700或900周杰伦杭州站演唱会门票 黄牛就不要瞎凑热闹了吧
3915114787,YeDa仙,女,浙江,199,4407760470743410,#周杰伦杭州演唱会#    超幸运的抢到啦～
1794178630,Sq_List,男,浙江,199,4407760445411740,太难了。 抢到票 钱付不出去。 太难了。
5983006618,和匡在台北,男,浙江,200,4407760416376819,作为杰迷 没抢到票别遗憾 抵制黄牛[加油]
6639039732,小心翼翼地将你小指勾,女,重庆,,4407760407971576,有11.9的演唱会从重庆到长沙的杰迷朋友吗？手上有两张票但是一个人去着实有点孤独，没有的话一会再来问一遍
2142826863,澄海LEO,男,湖北,199,4407760336398190,我不看了 买不到票
5406910652,Hhyqhhh_,女,上海,199,4407760327985282,长沙两张连坐 换杭州！！！！
1962901517,南乐酱,女,浙江,,4407760302904141,看看五月天粉丝，再看看周杰伦的假粉丝
1734430270,浮歇,女,湖北,,4407760290159190,杭州11月17日看台900一张，换长沙11月9日同价位一张，求求了
5346884204,就当敷衍走一回,男,浙江,200,4407760274109853,#周杰伦杭州#   南京两张周日700连座 想要换周六的或者杭州的    可以接受溢价和补差价 邮费都我出
5646179879,你好我是一颗橙子,女,浙江,,4407760269140523,求两张杭州站 任何时间都可
5876063506,云猜预测家,男,北京,201,4407760248531487,各位杰迷大家好~  有个关于演唱会门票的事情想听听大家的意见！     老板拨了一笔款让我花出去，要求完成指标。  所以来问问大家，如果让你每天花两分钟回答几道选择题，一周累计回答20道（凭感觉回答就行，就当碰运气   ），达到一定的胜率就能领取爱豆的演唱会门票，你愿意吗？     PS：因为 ... 全文
1642352107,你莞er,女,浙江,,4407760219737784,卡在确认订单了，就差一点点！！我真的太难了！！！
2252590240,LIuuuER,女,,199,4407760206503905,周杰伦杭州场两天任意一天仍和价位都行 接受少一点的溢价 如果你正好不去麻烦你留言谢谢
5851027596,小船音乐盒,女,重庆,198,4407760181286762,#周杰伦新歌下月发行#    近日，周杰伦出席活动，在舞台上亲口透露新歌进程:“我的新歌，在下个月就要发行了！”引得现场观众连连惊呼。 对此，粉丝纷纷留言表示回复:“复习老歌，是转移新歌视线的套路吗？”“歌不出来，我是不会相信的”周董发起“五连回”，用五句同样的话回复歌迷:“新歌要来了，不要 ... 全文
2490625857,fivetwoone1,男,浙江,,4407760155909720,提前资料写好，18分准时开抢，妈的啥也没抢到！难受啊🐎非！！！
2679852151,滚圆的TINA君君,女,广东,,4407760152316614,有没有杭州下沙抢到周日票的一起拼车
1629127081,吃花侠,女,上海,,4407760063701900,愿望成真！小公举今年我来啦！！
6560739878,牛奶味芒果碎碎冰,女,,,4407760038484468,出两张上海演唱会连坐980 ～非黄牛非天价～可面交一起进场～ 真爱粉需要私聊～ 19号的
5536171321,莴笋钵钵鸡,女,上海,,4407760004860242,黄牛早日死绝
6140283780,熊初墨灬灬,男,安徽,,4407759989112451,日常一贴。救救我吧。永久冻结。求腾讯大佬放过我，顺便捞！
1710223491,酸玱,女,浙江,199,4407759967664389,在线等2张票  谢谢各位哥哥姐姐弟弟妹妹们 900 700 500皆可           2年前的错过了 不想再错过了
2934234957,帅熊乃,男,浙江,199,4407759963901789,什么时候能出个哪里开演唱会，抢票时人定位在当地才能抢就好了   ，我就不信我大杭州的孩子还抢不到票！
5595621976,Xuuuuuuuuuuu先生,男,,,4407759959692723,#周杰伦演唱会门票好难抢#  希望以后的演唱会门票可以和火车票一样的规则，一证一票，检票口对身份证和票进行核实，可以退票
2032069107,M格Gentle,男,浙江,,4407759904881714,#周杰伦演唱会#   杭州周日换周六的票900连坐求换。
2389314300,-UpH,女,浙江,200,4407759900255599,求杭州一张票！！！！！
1893424137,PHXuFF,女,浙江,,4407759875306422,哼哼哼╯^╰╯^╰╯^╰
1798574660,Yuki_俞酱酱,女,上海,198,4407759867057441,有没有上海换杭州的 我拍了2张2000内场连号
5849540324,小草莓莓莓阿,女,,,4407759858651133,付款的时候崩掉了了      救救孩子吧、每次都这样   喜欢杰伦十一年了   就想去看次演唱会 。🈶️小可爱卖票的嘛 700和900 都行 求两张       刚出来工作加太多的小可爱就放过我吧 经济不允许我
5256849303,赚钱养旭旭_,女,浙江,,4407759833863075,求杭州演唱会周六的票500\700都可
2257561530,怀之好音Xochitl,女,江苏,,4407759816247653,被隔壁JJ家嘲笑了呢      ……但是也拿不出有力的证据来反击。我只好说，我喜欢看杰伦吹牛放鸽子……      因为我是佛系真爱粉。
5258093938,音乐新鲜力,男,浙江,,4407759791255443,#周杰伦演唱会#     #周杰伦#   11月16日-17日杭州演唱会，杰迷抢到票了没
6094838239,喵喵遇上流川枫,女,浙江,,4407759770016148,求杭州站看台连坐2张啊！！！！
2956683113,Krystal_Hyj,女,江苏,,4407759749807544,我朋友只帮我抢到了一张周六 杭州站的 2000的内场？  还有人出吗  我收一张！ 诚心的来！                                                   收不到就出了。
3825698158,仙女萱-,女,浙江,199,4407759741222906,跪求再加两场
5637724271,启秀街过气校草,男,江苏,199,4407759741222542,只要是加价卖的就是黄牛臭傻逼    自己去不了就不要抢，狗屁借口，就是黄牛。   这么多想去的歌迷去不了都等着你加价卖？什么司马玩意儿啊孤儿黄牛。
3199301764,帅气昆昆,男,天津,199,4407759715882725,出一张内场的可以走闲鱼，要的私聊
5646445623,等枫_红染秋季,男,浙江,200,4407759711684717,求一张杭州周六的看台票，接受适当溢价    骗子别来了
6098827158,余力i,男,江西,,4407759677816674,有没有杭州要换南京的可补差价骗子滚开有意私聊
2380707224,_叁个条子,女,浙江,199,4407759669409293,我只要1张杭州演唱会的看台票，求求了！
2394419861,锦衣夜行的明公子,女,江西,200,4407759606634985,大麦一般啥时候发货啊问问各位朋友
1739338652,-曾不错,女,浙江,,4407759602788933,求两张周杰伦杭州演唱会700/500连坐 16 17都行！
5721308562,-善悪不定夺,男,江苏,,4407759598587043,想去看场jay的演唱会 本来都已经抢到票了 因为没预填地址就没了 我好难啊
3190901745,humble_lian,女,浙江,199,4407759594823104,每次点观影人之后就不行了 捡漏半小时也没捡到 朋友圈已经有开始卖票的了🙃
5173957042,WaterCaron,男,四川,199,4407759585882833,来了
5572764403,CHOIC潮客,男,天津,199,4407759560669330,-  藤原豆腐分店😂86都两辆了
5514801161,好吃不过油渣,男,浙江,199,4407759543586595,南京900连坐换杭州900连坐
5361011048,BAOYALILILI,女,河南,,4407759535179740,谁有杭州演唱会的群，拉我一下，谢谢
5261913719,Cyy略略略,女,浙江,,4407759498153106,求一张杭州周六票。骗子黄牛不要来哈
2446998861,夏天夏天会开花,女,浙江,199,4407759480827056,#周杰伦演唱会#    #周杰伦杭州演唱会#   想换16号的两张。。
1804220893,现丶现现现女友,女,上海,201,4407759480804013,旱的旱死，涝的涝死，真心买的买不到，买到的人却在高价转手，凑，真特码难！
3195250164,amoreago,男,,,4407759447531850,收杭州17号晚上2k票面内场两张～
3752886044,兰___儿,女,湖北,,4407759443273053,周杰伦演唱会超话   陪跑多年，终于买到票。 如果今天没有买到，我依然不会买黄牛，依然会自己抢下一场。 小伙伴们加油，总有一天会冲到票的！
1974524415,Jeeebel,女,浙江,,4407759434869936,找太多朋友抢结果抢多了两张....自己看16号晚的演唱会，出1张16号晚上900的，1张17晚上900的...看到网上一张➕800了，杰迷加我微信便宜出呀     周杰伦演唱会超话    #周杰伦#
1651136673,瑶默默想逆天,女,浙江,,4407759409355512,求一张杭州场看台票     接受加价，骗子绕道
3953297394,460微博组丶情何以堪,男,河南,199,4407759389136820,如果生命对每个人都不公平也没道理。
1643172191,萝卜想养猫,女,浙江,,4407759371529284,杭州周六周日都可，500 700 900 1300 1700 2000都可，求求了，2张连坐，有人出吗
1801205243,遇你惊鸿照影来,女,湖南,,4407759363916039,#周杰伦长沙演唱会#    #周杰伦杭州演唱会#   求一张or两张长沙场400或700价位的 两天任意一天的都可以
6004782476,李小青年呀,男,安徽,199,4407759304875001,我太难了。
5126612006,大大饼不是很饼,女,上海,,4407759262851974,第三次抢票终于进去了～我真的太难了～照这个速度第四次应该就可以了吧～真是搞不懂那些抢到票自己不去看转来转去的人～
1788921145,Annie尛靜靜,女,上海,,4407759254449744,「刷到🎫還一臉懵        心飛揚💕     給自己一個不加班的理由   」
2997068047,打酱油的小女孩wyt,女,宁夏,,4407759237638840,请问这是真的假的？
5641407743,裹着老干妈的炸鸡块,女,浙江,199,4407759237298822,#2019周杰伦杭州演唱会#    #周杰伦杭州演唱会#    求求求求四张11.16的连座 900价位的票子 可以适当溢价 求求了 救救孩子们吧！
5103598452,看的到星星在闪耀,女,,,4407759229229489,追星女孩真的是不容易       一定要珍惜她们
1224627463,改个名字怎么了呢,女,,,4407759225032671,求杭州场700、900，或者2000场票。。接受小幅溢价
5616580746,好想吃好多好吃的啊,女,江西,199,4407759208142985,求周杰伦杭州的票
3251542594,大杯可乐不加糖,女,广东,,4407759208138834,求两张杭州票，任何一天都可以
3871156837,饺子团子和丸子,女,江苏,,4407759199812884,长沙700连坐换杭州or南京or上海🙋
2910098241,日常胖三斤,男,江苏,199,4407759195612483,说练手抢到的。随便抢抢就抢到的？你们敢原价出吗？原地爆炸吧朋友们
6428548222,甜心甜心甜心妈咪,女,,,4407759179316726,求两张杭州周杰伦演唱会的票！900，1300，1700都可以！周六周日都可以！
1644218175,一只废宅安,女,上海,199,4407759178723485,杭州场 蹲两张700或900的
1831444720,qinprincess,女,四川,,4407759153856602,我要一步一步往上爬，在最高点静静看着你的脸
5032841964,Ninik0,女,,,4407759141244823,求周杰伦杭州演唱会两张票 500到900 可少量溢价 走咸鱼 黄🐂勿扰
5475096477,专门想哭的取名字,男,,,4407759124865390,求一张杭州周6的票。什么价位都行 黄牛别来了 骗子别来了。我打假的
2961418234,橙二冰,女,,201,4407759116276106,抵制黄牛 ！！！ 演唱会的门票都还没有开始预售 朋友圈就黄牛已经开始加价卖 ！！！！太气人了  蹲着点刷新一张也抢不到 ！！！求求黄牛做个人
6218306598,魔杰电竞官博,男,北京,201,4407759086516187,周杰伦《夜曲》MV修复版，“失去爱情后”过于悲伤带来的麻痹：“蚂蚁、秃鹰、乌鸦”，含蓄而伤情，很美，很极致。      音乐奇葩君的微博视频
2437738573,喵与哇F,男,浙江,199,4407759028274612,好不容易刷新到，点击观看人，接着点击提交订单，就被弹回大厅了。连再刷新的机会都没有。
5325666731,阿虚虚虚虚Jay,女,湖北,199,4407759015432304,我真的求求那些刚抢票就转票的“人” 披着杰迷的外皮装得爽不爽 别来超话污染净土了好吗
5068167703,Lizrard,男,江苏,199,4407758998618649,周杰伦济南站和周杰伦长沙站换周杰伦南京站，什么价位都可换，换2张，是南京站就行！！  #周杰伦演唱会#
7168053931,用户7168053931,女,浙江,199,4407758969203860,求一张上海11.16的票，内场2000的，有吗
3178659955,锦鲤和你,女,浙江,,4407758919040295,求周杰伦杭州演唱会门票，周六周日都可以，900的价位，接受适当溢价，黄牛别来了，求求
2389314300,-UpH,女,浙江,200,4407758915262852,求一张杭州的。。900，1300，1700都可以         就一张
5590453935,火锅大队队长,男,浙江,199,4407758910629079,求购900杭州一张
5824054920,金刚芭比shmily,女,江苏,199,4407758910628820,求杭州900连坐两张，看看孩子吧！
1649902321,最爱忘词的陈仓颉,女,浙江,,4407758898019945,求杭州场的票
5715251483,没有圆周的提琴,女,浙江,200,4407758864009048,我好气，你们抢到票了却因为很多原因去不了，那为什么要去抢啊！刚抢完票就来出，说明你们已经安排好了啊，那干嘛不给我们有时间又想去的人一个抢到票的机会？
2145753087,不可理喻-孩纸气,女,浙江,,4407758860200613,再见了，大兄弟！离我最近却离我遥远               不可理喻-孩纸气的微博视频
1248950494,汪小微,女,上海,,4407758860200436,#周杰伦杭州演唱会#   太激动了，2年前生日抢到的杭州场，今天终于抢到了还是杭州场，和杭州有缘！
2673618594,LDD稑森,男,上海,199,4407758843814305,未支付溢出票到手             是谁把周杰伦这个已经默默无闻的低调歌手的超话炒了起来，以前地表最强随手抢好几张，超话诈尸以后就连未支付溢出的票都要盯着抢
1752535397,夏夏夏的小小世界,女,,199,4407758839047451,求购11月2日，南京场演唱会门票，两张。谢谢谢谢
1339969311,阿弯真的很严格,女,浙江,199,4407758809991014,黄牛什么时候才能死绝？还有微博上那些刚抢到票就加价出的人，有没有良心，有些还顶着其他明星的头像和id，祝你家爱豆糊穿地心
3200623110,波妞喜欢宗介我喜欢张云雷,女,湖南,,4407758806256100,我太善良了         我希望这么善良的我以后也能遇到善良的粉丝转我张云雷的🎫
5206325390,我想长个脑子,女,,199,4407758805420981,纪念我可以发帖了！！ 以及 期待周周的济南演唱会～～
2656133203,动物园园长小陈,男,浙江,199,4407758797015812,求杭州周六场500 700 900两连坐 任意看台两连坐 黄牛勿扰 接受少量溢价 谢谢
6382402602,咕噜咕噜冒泡的多多,女,,199,4407758780832579,求两张连坐杭州站的票票   随便哪天都行
5079187544,Luckyleicy,女,浙江,,4407758767992869,杭州！看台500、700单张连坐都可！接受适当溢价！！黄🐂🚫扰
5314605729,是幸福的黄小姐啊,女,江苏,199,4407758767583084,我真的太难了！好像青春只有一场
3969586376,_1117_,女,,,4407758750773269,我有两张南京900的 一张11.2 一张11.3 有没有人愿意用杭州的换一张
2006469805,哎呦12345678910,女,山东,,4407758746562889,到底哪个是真的抢多了或者抢到了去不了的？我怎么就抢不到？我太难了   真心去不了的或者抢多了的，能转给我嘛？杭州或上海的，南京也行，我真的太难了，今年的一直在抢，就是抢不到啊，你们是咋抢到的啊，救救孩子吧
3121740325,鹿笑笑了,男,浙江,,4407758743014121,有句话当讲不当讲 你的爱溢出就像洪水～ 黄牛你🐴 买菜不涨价
6641268923,我叫伟华丶,女,黑龙江,,4407758722206038,晴天-周杰伦     杰伦是我的青春，为杰沉沦  分享单曲     晴天 (原唱：周杰伦)    @周杰伦
1509114304,一块千层雪,女,,,4407758717405183,有杰迷愿意换票吗，想去杭州，用长沙的换，900连坐的
5838467553,我是瓦瓦诶,女,,,4407758713799910,杭州两张票有谁出的吗
5471403702,大漠孤星star,女,,,4407758700743526,刮风这天，我试过握紧你手，但偏偏，雨渐渐，大到我看你不见
5362485542,啊你啊撒油,男,江苏,199,4407758696382399,票没抢到来打个榜吧
5870305738,你就自己好好的过,女,,199,4407758680444097,就说要怎么样才抢得到票吧，实名入场就是不能做到吗？
5330636496,芒果味的小girl,女,,199,4407758675529044,周杰伦演唱会超话       周杰伦歌迷会超话       周杰伦演唱会门票超话       周杰伦JayChou超话  济南内场一张换杭州两张500看台票，有可以换的朋友吗
3597940147,何蔼丽,女,江西,199,4407758675528604,啊啊啊啊啊真的是太棒了
5118935424,今天甜甜不减肥,女,上海,201,4407758654774410,有没有粉丝愿意和我换杭州的…可以同等价位换…也可以稍微加价！要是没有我就出了
5078126502,Jay和Ran,女,海南,,4407758650816713,你说票有些难抢，想让我知难而退。 票的确很难抢啊！         但是我不会放弃的[加油]
3174502670,明明就是我啊啊啊啊啊,女,浙江,199,4407758642172248,求看台连坐
7215322472,用户7215322472,男,,,4407758629563820,求两张杭州11.16的看台连坐，几百的都行，只要不是天价，都能接受！
5775209899,枳榆枳榆,女,重庆,199,4407758600375955,没抢到杰伦演唱会门票的第半个小时，难过，难过，难过
2528203194,贪吃蛇小王子,男,,,4407758599965216,求杭州周六场500 700 900两连坐 任意看台两连坐 黄牛勿扰 接受少量溢价 谢谢
3413879312,-陈南南,女,广东,199,4407758587769084,曾经有一次机会我没有好好珍惜         太难了现在
5658763957,ImitateW,男,,199,4407758562125774,幸运儿
7033675018,瓜瓜亮晶晶,女,浙江,200,4407758541308814,求16号杭州的票
5648587353,静脉199855,男,浙江,199,4407758541305004,求求你们了！给个机会给孩子吧，孩子从来没去看过周杰伦演唱会！ 求两张700的杭州站门票，买房买车那种别来好吗！！！
5092937210,我曾炙热如夏奔赴,女,浙江,201,4407758532904819,又是没抢到票的一天    求杭州两张连坐内场票 可接受小小涨价。黄牛绕道
1737222473,小仙女吖_DD,女,浙江,,4407758532700857,周六一张2000换两张900的，有小可爱愿意换吗   哭死了，不想一个人去
2698821910,leniency的主场,女,,,4407758524985089,有要的吗，杭州11月17号的
3909220792,bhy安然失笑,女,,,4407758516578958,有没有姐妹组团去杭州站的体育场 外 听演唱会的
5138382461,我在村口大树下等你,女,浙江,199,4407758508397051,🈶️🈚️杭州换长沙！！！ 长沙700一张换杭州700！！
1847255724,柒小柒Amber,女,,,4407758486934119,#周杰伦杭州#   求两张2000的连坐，如果没有，两张900也行         ❌❌❌黄牛❌❌❌
1148267284,耕耕丶,男,浙江,199,4407758478530509,黄牛看到一个举报一个
2368586185,Tahitily,女,四川,199,4407758461507616,11.17号杭州场900看台一张有人要吗
5164121499,Tyyyyyi_,女,浙江,199,4407758427877951,收两张11.16杭州的700到2000的都可以，我太难了
2652262783,芝士布丁呀,女,浙江,,4407758423900282,求两张杭州站门票900的，500.700都可以，
5470102507,凉凉顾,女,云南,199,4407758386765738,
2585092491,余个鱼鱼,女,,,4407758386540055,求11.16杭州四张票
5727652943,一只没有灵魂的仙女,女,浙江,199,4407758373727760,在超话里溢价卖票的，能走远点吗………
6123704752,鲤鱼灰灰灰灰灰,女,,,4407758373490256,求南京或杭州的500或700的票票         球球各位有票的杰迷啦！骗子还是勿扰了
5448294866,iamsmallfairy,女,浙江,199,4407758331890126,求杭州场 2000的两张 黄牛勿扰
3263355314,我吃蛋饼啊-,女,浙江,199,4407758331702892,不允许我低调了 哈哈哈哈 我抢到票了 笑得超大声 克制不住
2298086134,GoodJJJob,女,浙江,199,4407758323042385,杭州周六900一张换两张500连坐，接受轻微溢价
3815876744,森桑桑,女,浙江,199,4407758319773121,抢票太难了  杭州17号的票因为周日不是很想要  到了付款界面点了退出之后 啥都没有了 气人 想要11.16的票呜呜呜 那天正好阳历生日啊呜呜呜
1926560257,章鱼小丸子Nic,女,湖北,200,4407758294557813,求杭州场2000内场一张            拜托拜托
2330149040,阿樂s_Jeneral,男,广东,199,4407758277063658,你说你有点难追，我就把你wx拉黑
6616234469,音乐经典现场,女,,199,4407758264895857,你们知道咪咕音乐可以免费下载周杰伦的歌曲吗     #周杰伦演唱会#
1801813014,krJ1nG,女,浙江,,4407758218663624,有没有姐妹出两张内场2000的连坐啊！！！
5857220250,brreakupbusiness,女,,,4407758180379213,#周杰伦演唱会#   有没有抢到杭州站700的杰迷朋友 可以跟我换南京站11.02的！！！就一张！！！没有的话我就..去南京看
5715251483,没有圆周的提琴,女,浙江,200,4407758163849036,真的难过到哭了
6827598821,伤痛不过百日长and,女,甘肃,198,4407758155160918,就算是我不懂 能不能原谅我 请不要把分手当作你的请求 我知道坚持要走是你受伤的借口 请你回头 我会陪你一直走到最后
5488129065,抹茶味的亮晶晶,女,,199,4407758109897523,请问一下这到底是谁的嘉年华   是黄牛的嘉年华吗            再买不到票我就粉你儿子了！我不要你了周杰伦！！
7277185250,随便取一个好啦200212,女,江苏,199,4407758083956500,杭州的一张看台票 黄牛真的勿扰了            在杭州上学如果看不到杭州场我真的会死
5634940607,点一杯西瓜汁加奶霜去冰_,女,,199,4407758075849876,不加价真心出的16号可以来两张吗   1真的好想去！
5140160969,居无定所的螺,女,湖北,,4407758047110257,黄牛去死啊！
6138712699,桃桃的阿姨粉,女,上海,198,4407758046434284,杭州11月16日内场1700一张，想换上海的哪天都行
5596412871,一场暴雨入夏,男,浙江,,4407758042228092,想要两张500的杭州场   要哭了
5879208266,-芒小果-,女,浙江,,4407758021173843,我来啦
2938367934,高小柔,女,浙江,,4407758021168620,求两张11.16，1300/1700两张，可接受小溢价。黄牛滚。
3190726850,Zzr的头号迷妹,女,浙江,199,4407758005085067,求两张连坐11.16 900的，可微溢价，走闲鱼。黄牛勿扰
2602773830,源仔,女,,,4407758005079607,求两张杭州700-900的票。谢谢
1766793145,Snownair,女,山东,199,4407757992055612,我不明白为什么有些所谓的粉丝自己没抢到票的时候口口声声骂着黄牛，抢到了转手就加价出，这跟黄牛有什么区别？还有很多刚抢完就说有事去不了出的，你又不去你抢你🐴 呢？缺钱缺疯了？杰伦唱歌你赚钱？这种人真的司马，不配当粉丝。
2951723070,Ruby很OK,女,浙江,199,4407757983650849,周日的演唱会门票900看台的 就抢到了一张    闺蜜不能一起去了 打算出掉了
6338200595,奶青几分甜_,女,浙江,199,4407757953909663,风里雨里，黄龙等你！
5590453935,火锅大队队长,男,浙江,199,4407757953907207,求一张900的位置
6872498587,bbhaterrr,女,山东,,4407757942038791,///太难了…试到现在 真的抢不到 杭州周杰伦看不了 看小哥的了
2090962405,爱新觉罗红红,女,浙江,,4407757937419550,摩天轮app买票 坐地起价 呵呵
3320939204,白骨精变的老太婆,女,湖南,,4407757924810935,呵，我大概是被猫眼拉黑了吧，两点多试着下其他演出的单，跟我说请求出错，美团，猫眼都一样，小程序还是可以，到点了我就用小程序抢，请求出错和正在下单一起弹，呵，我真的是无语了。给个解释行么 @猫眼演出
1785773562,Asymptote_J,女,上海,,4407757920602840,练手的是要干什么？您的手练出来是以后要干什么大事的说来听听？
5947656566,特特大可爱_,女,,,4407757916404208,#周杰伦杭州演唱会#    #周杰伦杭州#    只买到了一张，可出一张900的
6033599093,YULL_0714,女,浙江,,4407757912879736,
3751279241,988mydarling,女,上海,,4407757908414916,意难平的一天  大麦设置的太……就算下单了还要打钩实名信息 点这个点那个 本来就卡的要死 🌶️🐔
6311911651,是野七吖,女,陕西,200,4407757875060206,给胖伦营业的34天
5885326605,不该等你下课,女,江苏,199,4407757853297147,周杰伦江苏歌迷会超话   因为周一有课   我在线卑微索求    10.27济南换个江浙沪周六场的看台 可补差价 拜托各位了
6715407202,王立威VV,男,,,4407757844892331,快！点！放！北！京！场！的！票！而！且！必！须！让！我！抢！到！票！呀！！！
5312880981,小包讨厌香菜,女,浙江,199,4407757836822972,收内场2k 两张连座 价格不是问题 要位置好一定要连座
2531638804,kcorriney,女,广东,,4407757815477533,出一张16号900的 有人要吗
1058682862,一颗卷心菜,女,浙江,,4407757756895999,求周杰伦杭州演唱会门票两张700/900都可以，接受适当加价……
2892954610,考注会路上的小仙女,女,浙江,199,4407757740570441,想看看都有哪些幸运的小伙伴抢到了杭州的票，想沾沾喜气
5660303559,山田雪原,女,浙江,199,4407757690133316,希望下一年有一个手速快的男朋友 一起去看小公举的演唱会 我太难了
5529804841,ljcheng_,男,广东,200,4407757685444685,长沙演唱会周日1700单张2000出 🉑走咸鱼
2565445812,G_wenny,女,,199,4407757677531381,#周杰伦杭州演唱会#   陪伴了整个青春
3161049730,可以在岁月如歌中找你,男,湖北,,4407757677038895,有杰迷愿意换票吗，没抢到杭州的 长沙换杭州 900连坐
5998972114,音乐速报,男,北京,,4407757656285556,#周杰伦演唱会#   盘点周董演唱会上与嘉宾的有趣互动和演唱歌曲合辑： 萧敬腾《告白气球》 林俊杰《修炼爱情＋最长的电影》 陈奕迅《岁月如歌》《淘汰》 张学友《她来听我的演唱会》 谢霆锋《安静》 容祖儿《珊瑚海》 刘德华《忘情水》 孙燕姿《遇见》 蔡依林《给我一首歌的时间》 张惠妹《解脱》《黑色 ... 全文
5342728081,xpl啦啦啦,女,浙江,199,4407757656282715,太难了，看一次杰伦的演唱会太难了
1685569201,Kayser-康康,女,浙江,,4407757606199793,我太难了     #周杰伦演唱会#
2113540333,吃遍全天下芒果,男,,,4407757597446090,杭州场内场有转票的小哥哥小姐姐吗😶黄牛绕道，谢谢
3242838880,1点点好听也好喝,男,浙江,199,4407757593594533,姐妹们杭州站连坐！正常溢价可走平台的带价私我好吗！求了
2998688511,丸纸de欧尼,女,江苏,199,4407757593243474,做杰伦歌迷太难了，求两张杭州看台票。黄牛和骗子绕道行驶
6022211148,毒舌王白石,女,湖南,,4407757568383652,嘤嘤嘤，出一张900的看台，11.17杭州，价格私聊
5393529473,周杰伦国际后援会Jay2u,男,台湾,197,4407757526758991,#周杰伦演唱会#    怎么抢到了就立马没空去要转票呢？ 怎么口口声声说自己不是黄牛转身就溢价卖票你不是牛你是什么？ 怎么满世界留言抢多了要转票，你到底有多少张票要转啊？ 怎么抢票本身就已经很难了还有那么多老鼠屎在在满口跑火车？！ 求求你们别来        超话转票了，任何转票帖全部屏蔽。 ... 全文
2673732007,若若若若若言,女,浙江,,4407757522148752,整个办公室就我一个人抢到了票   她们全部阵亡 第一次抢票 快乐
7285882832,吃瓜看戏不混圈,女,陕西,190,4407757517854329,咪咕音乐周杰伦的歌全有而且免费，apple music也很不错
1767173464,酱大佬个死画画的,女,浙江,,4407757509544381,跟大家分享我的喜悦，我要收拾收拾去看杰伦演唱会了。
1618910640,依然叶叶叶叶叶,女,云南,,4407757485013786,永远抢不到票，心累得很，真的无望，再爱也绝不买黄牛。                                                                                                      #周杰伦演唱会#
5085373054,exclusive·J,女,安徽,199,4407757476606617,有没有杭州换上海的..   （超小声..）
5526280797,渡人渡自,男,山西,199,4407757459369335,你说你有点难追，想要一杯啤酒把你灌醉
2641545297,Jay小娜_,女,湖北,,4407757459366219,真的觉得我们杰迷好卑微，平台仗着歌手红 故意只放出少量票，不管我们再怎么抵制也没有办法。 不买黄牛想看个演唱会真的好难，不看又很意难平。 真杰迷太难了
1794367585,岳野兔家的阿绿姑娘,女,浙江,199,4407757426170457,朋友们 谁买黄牛谁是狗！！！！！！  以为黄牛狠 粉牛更狠哦！！！！！！
2299228672,妈妈说眼睛要擦亮,女,浙江,199,4407757396724680,有没有转16号晚上的票！太难了
1962901517,南乐酱,女,浙江,,4407757375203150,刚抢到票就出的那些人nmsl
5446113048,xc今天辞职了吗,女,重庆,199,4407757299918513,抢到了一直不付款干嘛啊啊啊，刷了快一个小时了
7209941811,是Jesse哥哥呀丶,男,浙江,199,4407757253581340,你经历过绝望吗  ....      是Jesse哥哥呀丶的微博视频
5995862177,萌萌哒之家,女,,201,4407757224533943,我真的好难过啊，没抢到票，票都被谁买了啊
3505751320,爱吃草莓的局局,男,,199,4407757207352127,我姐妹可能是条锦鲤吧！！
5704091302,酸辣粉碎碎念喽,女,福建,,4407757203526492,700的票，周日，周六都可以
5609377808,那菲,女,江苏,,4407757195118690,#周杰伦演唱会#    瞧我这破记性 啊啊啊啊啊 忘记今天抢票了 请让我原地死去 我的杭州啊啊啊啊啊
7285882832,吃瓜看戏不混圈,女,陕西,190,4407757173723159,你又擦肩而过，你耳机听什么，能不能告诉我。
6021810597,Karen酱哟,女,浙江,199,4407757169516448,求周六的杭州场 看台就可 走闲鱼
5014927375,85斤怪力少女,女,浙江,199,4407757157677454,get✅ @周杰伦中文网JayCn
3497791763,哎呦哥哥-嗨-你好,女,浙江,199,4407757140360933,我真踏马的是个废物啊，一张票也抢不到!!!
5249407428,不记得减肥整天想吃肉怎么办,女,浙江,199,4407757136971997,现有一张11.10长沙700的 诚信诚意求换杭州同价位的 如果换不到 只能出了 长沙对于我太遥远了
6033365698,Enjoy沫宝,女,浙江,,4407757127883058,终于！终于！终于抢到了！我来啦～～11.17黄龙体育中心见😘
5584782929,奶油炮,女,浙江,200,4407757119852584,求杭州两张 579百都可
7246909121,周杰伦山东歌迷会,男,台湾,197,4407757098330206,#夕阳红粉丝团#   这是我见过最清新脱俗的一个粉丝群了……
7255250525,扒卦姐妹,男,,201,4407757065106484,#周杰伦演唱会#    周杰伦演唱会门票永远都是一票难求，做周董的粉丝真的好难...周杰伦粉丝一致呼吁抵制黄牛！抵制黄牛，从我做起！[加油]
5443833876,地球之癌-,男,,199,4407757052104480,求一张杭州 内场票。  长沙的也可以。    实在不行900的也收.....
1095056597,_August呀,女,浙江,,4407757044095496,#周杰伦杭州演唱会#   啊啊啊啊啊终于抢到了，今天人品大爆发
2266013730,噜噜噜阿生,女,,200,4407756973316709,大学请假扣学分吗🌚
3383443220,没有名字-w,女,陕西,,4407756968456852,杰伦什么时候再来西安呢
5078862422,三岁与八十,女,浙江,,4407756939697964,求杭州两张看台连坐票
3976312525,是我的6阿,女,,,4407756917876210,太难了，全程陪跑，平台无良。
1915179752,Junchiii,男,湖北,,4407756884665716,#周杰伦#    #周杰伦嘉年华世界巡回演唱会#    #周杰伦杭州演唱会#   没想到这次是两张票必须要两个身份证号啊…哎… 死在支付界面 我还能说啥？
5197586467,沈礼遇,女,浙江,199,4407756871904058,为什么我抢不到
7245623628,娜就是不需要姓名呀,女,,,4407756775240486,#周杰伦演唱会#    打榜狠的人果然抢票也狠 每次陪跑都安慰自己肯定都是黄🐮 但是朋友圈有人晒订单我真的骗不下去了 每次抢不到每次还要去掰头也是很心累了
5037055866,哟小鱼儿,女,,199,4407756775237548,抢到了诶！跟大家一起分享下我滴开心🥳  #宝宝的少女心#
2635596387,-绿山墙的安妮姑娘,女,浙江,,4407756771460061,换票换票！！！长沙周六场900两连换杭州周六场900两连！！！有人不？
5514422882,欧拉酱不加糖,女,浙江,199,4407756754960526,#2019周杰伦杭州演唱会#   求一张500/700看台票，可接受小溢价
1897676354,youngxxxxx,女,,,4407756716830500,#周杰伦杭州演唱会#    #周杰伦杭州#  求两张周杰伦杭州站500或者700的11.16周六的连票，可接受小小溢价，价格合理可谈，黄牛请绕道
2533579001,爱周颖真是太好了呢,男,,,4407756712627386,求两张杭州站的900看台票
2011658645,一只特立独行的猪_小花,女,北京,199,4407756712462968,我太难了     林俊杰的抢不到，周杰伦的抢不到     我太难了     要大麦有何用！
5967278455,-超级能吃-,女,,199,4407756683476119,💡【收】两张杭州看台票 求求了
2704031583,叶叶叶毓源,男,四川,,4407756666229724,#周杰伦演唱会#     周杰伦嘉年华杭州演唱会，你抢到票了吗？  唉，抢不动，真的抢不动，又是秒没     在线佛系求票
5307054860,冷眸-de,女,浙江,199,4407756662463437,11月17号  900两张连坐 加价出  可闲鱼
2749406337,无敌小敏敏mm-,女,江苏,199,4407756657819304,我太难了，求求你们黄🐂做个人吧！
5063730772,登登走走噢,女,浙江,199,4407756654405040,求杭州场16号内场票 最好是16号的 最好是2000的
1148267284,耕耕丶,男,浙江,199,4407756632863147,什么时候能和打榜一样，把抵制黄牛搞成现象级的活动。。。大v多站几个出来
2961781037,是哆哆哆哆哆啊,女,浙江,199,4407756628659712,太难了真的太难了          猫眼大麦，天猫大麦，电脑手机都上了         啥都没有
2557834620,黄黄黄黄帅帅,男,浙江,201,4407756569817278,朋友圈又开始抢票晒票了
5979358293,是阿曾吖,女,浙江,199,4407756544598570,黄牛座位图都有了，可怜我们守着时间抢都没抢到
5329614570,情深不寿xxx,女,江西,199,4407756490423090,气呀
1807740085,Ms_VVang,女,浙江,198,4407756482311928,居然抢到了！超棒的生日礼物
5715251483,没有圆周的提琴,女,浙江,200,4407756482014200,所以超话里这些转票的，我该相信谁   我死了...
5508238232,7颗玉米粒儿,女,江苏,200,4407756435788068,刺激
6166579262,一生爱chou,女,浙江,,4407756422970664,啊啊啊啊啊啊啊啊啊啊啊啊啊啊我可以看老周了！
2183191437,xie诶,女,浙江,,4407756364608892,开心！运气爆棚！
3592218237,拾光音乐厅,男,山西,199,4407756327073362,你听过的第一首周杰伦的歌是？评论区欢迎补充  #周杰伦演唱会#        拾光音乐厅的微博投票
6150192848,我是李现至上主义者丶,女,浙江,199,4407756306346159,行8，黄🐂的不买，粉🐂的也不会买
5137017320,-身土不二-,女,新疆,199,4407756293454529,我抢到了，你们呢？
2342078073,moonyuyu5,女,上海,,4407756271925960,没抢到票儿
1825929513,爱吃辣火锅的居萌萌,女,浙江,,4407756259812737,或许可以秀一下，太难了
1984621452,酷酷滴瓜,女,浙江,199,4407756251402937,霍 服了 全他妈是抢到票又不去的 那你抢个屁啊
3882986270,琦哥的小迷妹呀,女,山东,199,4407756246969153,想知道那些抢了票转手就出的人什么心理 不看别来抢票啊 抢了接着转手又加价 我也是服了 还有事看不了 你有事你抢什么票 我看是你脑子有事
1732931580,__EIeven,女,浙江,199,4407756238797004,转发这只锦鲤🐠 接下来的日子你将获得好运🍀 我在网吧蹲点都不如我麦 @Anita-Long   感谢我麦    明天火锅随便吃！    #周杰伦嘉年华杭州演唱会#     #周杰伦演唱会#
5252260848,OG_请叫我大叔,男,浙江,,4407756221984977,又没有抢到票，求周六杭州任意价位呀，黄牛勿扰
3831221418,张淑纯,女,,199,4407756217788701,我好酸！！！                                   我觉得上辈子就是颗柠檬 为什么都能抢到？？？？ 我回回抢不到！！！！！ 是手气不好么？！？！？ 下辈子希望我粉一个不那么红的偶像！！！！
1804220893,现丶现现现女友,女,上海,201,4407756176308268,求杭州演唱会 16.17都行 内场票 求两张连坐          ，可以给一个没有看过的人一次机会吗
7021170311,别问问就是我好饿,男,四川,200,4407756162898401,求杭州站两站500看台的
1780187535,黄_小栗子,女,上海,,4407756146084743,看不起   ，想结婚纪念日和老公再去看次杰伦演唱会结果！！！看不起
6507094609,荣耀的背后刻着一道孤独0118,男,,,4407756129790707,#周杰伦演唱会#      zjl 抵制黄牛 谨防骗子 对于司马黄牛和骗子 就应该拖出来打一顿 看杰伦怎么打坏人的 功夫武器样样齐全          QQ伦宝的微博视频
2437066440,Foreshadow-,女,,199,4407756091966376,有人要票嘛   哭泣，我随手抢了两张南京的900周日连坐～虽然没抢到杭州的但是家里有孩子去南京太不方便了，有真心要买的朋友私聊我   （我只是蹭个热度转个票）
6326488993,宝宝嗲伐色惹,女,,201,4407756079092408,我？？？？ 绝望。
1842561770,im小瓶怡宝,女,,,4407756070687808,我太难了！！！你们怎么抢到票的！！！我刷到现在都还买不到！！！     顺便问一句 有人出票吗！！！ 16、17号都可！！！求两张连坐！！！
6171300488,奶茶不加奶Lee,男,广东,199,4407756054423943,出一张11.16的900看台，需要的联系哦，买多了
