actors,country,cover,desc,director,download_url,duration,rating,screen_shot,title,type,year
"['松本梨香 Rica Matsumoto', '大谷育江 Ikue Ootani', '林原惠美 Megumi Hayashibara', '三木真一郎 Shinichirô Miki', '犬山犬子 Inuko Inuyama', '石冢运升 Unshô Ishizuka', '川荣李奈 Rina Kawaei', '芦田爱菜 Mana Ashida', '滨田岳 Gaku Hamada', '大仓孝二 Koji Ookura', '中川翔子 Shôko Nakagawa', '野泽雅子 Masako Nozawa', '山寺宏一 Kôichi Yamadera']",日本,https://www.z4a.net/images/2019/08/24/22eb86dcc595d4aec.jpg,"['在人们与风共度的城镇·风罗市，每年都会举行一次“风祭”。在祭典的最后一天，传说中的宝可梦·洛奇亚会出现，并带来恩惠之风——在这样的古老传说仍然流传之际，聚集在城镇的人们怀抱各自的心绪前去参加祭典……。', '宝可梦的新手女高中生，莉莎。停不下说谎的吹牛男人，卡加奇。对自己没有自信的软弱研究家，托利托。厌恶宝可梦的古怪婆婆，翡翠。独自一人伫立于森林中的神秘少女，拉尔戈。', '小智、皮卡丘与他们相遇，驱动起大家的故事——。', '']",矢岛哲生 Tetsuo Yajima,ftp://ygdy8:ygdy8@yg90.dydytt.net:8602/阳光电影www.ygdy8.com.精灵宝可梦：大家的故事.BD.720p.国粤日三语中字.mkv,97分钟,6.9/10 from 2375 users,https://lookimg.com/images/2019/08/24/pIL59.jpg,2019年动画《精灵宝可梦：大家的故事》BD国粤日三语中字,动画/奇幻/冒险,2018
"['刘德华 Andy Lau', '古天乐 Louis Koo', '苗侨伟 Kiu Wai Miu', '林嘉欣 Karena Lam', '周秀娜 Chrissie Chaw', '应采儿 Cherrie Ying', '陈家乐 Carlos Chan', '卫诗雅 Michelle Wai', '郑则仕 Kent Cheng', '张国强 Kwok Keung Cheung', '陈佩诗 Peishi Chen', '狼森 Philippe Joly', '欧阳靖 Jin Auyeung', '恭硕良 Jun Kung', '林家栋 Ka Tung Lam', '李赏 Faith Lee', '张竣杰 Chun Kit Chang', '李灿森 Sam Lee']",中国/中国香港,https://extraimage.net/images/2019/08/23/eab94947790c554b44a91f820efa68c0.jpg,"['毒品市场维持四分天下的格局已久，但自从地藏与墨西哥大毒枭跨境合作扩展势力，再加上一连串黑吃黑的动作，毒界变得风声鹤唳。另一方面，因儿时亲眼目睹父亲被毒品所毁而嫉毒如仇的慈善家兼金融巨子余顺天，正悬赏一亿歼灭香港最大毒贩，此举在社会上引起轩然大波。警员林正风本致力搜证拘捕地藏，毒贩却因巨额悬赏导致人身安全受威胁，他在执行保护毒贩的任务时深感无奈，但又被余顺天的出价所诱惑，陷入黑白正邪的心理挣扎。原来，余顺天和地藏有不可告人的同门关系，一场天地对决一触即发。', '']",邱礼涛 Herman Yau,ftp://ygdy8:ygdy8@yg45.dydytt.net:8499/阳光电影www.ygdy8.com.扫毒2：天地对决.HD.1080p.国粤双语中字.mkv,99分钟,"6.2/10 from 109,063 users",https://lookimg.com/images/2019/08/23/p1PLJ.jpg,2019年悬疑动作《扫毒2：天地对决》HD国粤双语中字,剧情 / 动作 / 悬疑 / 犯罪,2019
"['小罗伯特·唐尼 Robert Downey Jr.', '克里斯·埃文斯 Chris Evans', '马克·鲁弗洛 Mark Ruffalo', '克里斯·海姆斯沃斯 Chris Hemsworth', '斯嘉丽·约翰逊 Scarlett Johansson', '杰瑞米·雷纳 Jeremy Renner', '保罗·路德 Paul Rudd', '凯伦·吉兰 Karen Gillan', '唐·钱德尔 Don Cheadle', '布丽·拉尔森 Brie Larson', '布莱德利·库珀 Bradley Cooper', '泰莎·汤普森 Tessa Thompson', '汤姆·赫兰德 Tom Holland', '伊丽莎白·奥尔森 Elizabeth Olsen', '本尼迪克特·康伯巴奇 Benedict Cumberbatch', '蒂尔达·斯文顿 Tilda Swinton', '格温妮斯·帕特洛 Gwyneth Paltrow', '蕾妮·罗素 Rene Russo', '约翰·斯拉特里 John Slattery', '查德维克·博斯曼 Chadwick Boseman', '安东尼·麦凯 Anthony Mackie', '塞巴斯蒂安·斯坦 Sebastian Stan', '克里斯·帕拉特 Chris Pratt', '汤姆·希德勒斯顿 Tom Hiddleston', '佐伊·索尔达娜 Zoe Saldana', '丹娜·奎里拉 Danai Gurira', '本尼迪克特·王 Benedict Wong', '庞·克莱门捷夫 Pom Klementieff', '戴夫·巴蒂斯塔 Dave Bautista', '利蒂希娅·赖特 Letitia Wright', '伊万杰琳·莉莉 Evangeline Lilly', '乔恩·费儒 Jon Favreau', '海莉·阿特维尔 Hayley Atwell', '娜塔莉·波特曼 Natalie Portman', '玛丽莎·托梅 Marisa Tomei', '塔伊加·维迪提 Taika Waititi', '安吉拉·贝塞特 Angela Bassett', '迈克尔·道格拉斯 Michael Douglas', '米歇尔·菲佛 Michelle Pfeiffer', '威廉·赫特 William Hurt', '寇碧·史莫德斯 Cobie Smulders', '肖恩·古恩 Sean Gunn', '温斯顿·杜克 Winston Duke', '琳达·卡德里尼 Linda Cardellini', '马克斯米利亚诺·赫尔南德斯 Maximiliano Hernández', '弗兰克·格里罗 Frank Grillo', '真田广之 Hiroyuki Sanada', '汤姆-沃恩-劳勒 Tom Vaughan-Lawlor', ""詹姆斯·达西 James D'Arcy"", '雅各布·巴特朗 Jacob Batalon', '范·迪塞尔 Vin Diesel', '罗伯特·雷德福 Robert Redford', '乔什·布洛林 Josh Brolin', '塞缪尔·杰克逊 Samuel L. Jackson', '伊薇特·尼科尔·布朗 Yvette Nicole Brown', '卡梅伦·布鲁姆布罗 Cameron Brumbelow', '蒂莫西·卡尔 Timothy Carr', '凯瑞·康顿 Kerry Condon', '迈克尔·A·库克 Michael A. Cook', '凯莉·库恩 Carrie Coon', '艾玛·福尔曼 Emma Fuhrmann', '雷纳·加拉赫 Renah Gallagher', '丹妮拉·加斯基 Daniela Gaskie', '郑肯 Ken Jeong', '小弗洛伊德·安东尼·约翰 Floyd Anthony Johns Jr.', '斯坦·李 Stan Lee', '罗斯·马昆德 Ross Marquand', '布伦特·麦吉 Brent McGee', '迈克尔·皮耶里诺·米勒 Michael Pierino Miller', '卡兰·马尔韦 Callan Mulvey', '泰瑞·诺塔里 Terry Notary', '吉米·雷·皮肯斯 Jimmy Ray Pickens', '迈克尔·詹姆斯·肖 Michael James Shaw', '泰·辛普金斯 Ty Simpkins', '格雷格·蒂芬 Greg Tiffan']",美国,https://extraimage.net/images/2019/07/29/3cc4813f9364426c8beb4da39eb132d1.jpg,"['一声响指，宇宙间半数生命灰飞烟灭。几近绝望的复仇者们在惊奇队长（布丽·拉尔森BrieLarson饰）的帮助下找到灭霸（乔什·布洛林JoshBrolin饰）归隐之处，却得知六颗无限宝石均被销毁，希望彻底破灭。如是过了五年，迷失在量子领域的蚁人（保罗·路德PaulRudd饰）意外回到现实世界，他的出现为幸存的复仇者们点燃了希望。与美国队长（克里斯·埃文斯ChrisEvans饰）冰释前嫌的托尼（小罗伯特·唐尼RobertDowneyJr.饰）找到了穿越时空的方法，星散各地的超级英雄再度集结，他们分别穿越不同的时代去搜集无限宝石。而在这一过程中，平行宇宙的灭霸察觉了他们的计划。', '注定要载入史册的最终决战，超级英雄们为了心中恪守的信念前仆后继……', '◎获奖情况', '第28届MTV电影奖\xa0(2019)', 'MTV电影奖年度电影', 'MTV电影奖最佳打斗(提名)乔什·布洛林\xa0/\xa0克里斯·埃文斯', 'MTV电影奖最佳反派乔什·布洛林', 'MTV电影奖最佳英雄形象小罗伯特·唐尼', '', '第5届豆瓣电影年度榜单\xa0(2018)', '最值得期待的外语电影', '']",安东尼·罗素 Anthony Russo,ftp://ygdy8:ygdy8@yg45.dydytt.net:8498/阳光电影www.ygdy8.com.复仇者联盟4：终局之战.BD.720p.国英双语双字.mkv,181分钟,"8.6/10 from 629,978 users",https://lookimg.com/images/2019/08/22/p4K3m.jpg,2019年科幻动作《复仇者联盟4：终局之战》BD国英双语双字,动作/科幻/奇幻/冒险,2019
"['桥爪功 Isao Hashizume', '吉行和子 Kazuko Yoshiyuki', '西村雅彦 Masahiko Nishimura', '夏川结衣 Yui Natsukawa', '中岛朋子 Tomoko Nakajima', '林家正蔵 Hayashiya Shozo', '妻夫木聪 Satoshi Tsumabuki', '苍井优 Yu Aoi', '藤山扇治郎 Senjirō Fujiyama', ""广冈由里子 Yuriko Hiro'oka"", '北山雅康 Masayasu Kitayama', '大沼柚希 Yûki Tokunaga', '小林飒 Kai Kobayashi', '小川绘莉 Eri Ogawa', '徳永雄辉 Yuuki Tokunaga', '小林稔侍 Nenji Kobayashi', '风吹淳 Jun Fubuki', '木场胜己 Katsumi Kiba', '立川志らく Shiraku Tatekawa', '笹野高史 Takashi Sasano', '笑福亭鹤瓶 Tsurubei Shofukutei']",日本,https://extraimage.net/images/2019/08/22/7f6f7e6102435064b57d163dcbc6cebc.jpg,"['此次的故事将围绕“妻子”展开。史枝（夏川结衣饰）作为家庭主妇，与丈夫幸之助（西村雅彦饰）、2个儿子以及公婆住在一起。某天下午，家里遭小偷，藏在冰箱里的私房钱被洗劫一空。在丈夫的抱怨中，史枝决心离家出走，而平田家也因此陷入混乱。因为富子（吉行和子饰）身体不好，周造（桥爪功饰）开始与打扫、洗衣、做饭展开“恶战”，并深切体会到史枝的不易。然而史枝并没有回家的意思，平田家不得不再次召开紧急家庭会议……', '◎获奖情况', '第43届报知映画赏\xa0(2018)', '最佳男配角(提名)西村雅彦', '', '第5届豆瓣电影年度榜单\xa0(2018)', '评分最高的日本电影(提名)', '']",山田洋次 Yôji Yamada,ftp://ygdy8:ygdy8@yg45.dydytt.net:7498/阳光电影www.ygdy8.com.家族之苦3.BD.720p.日语中字.mkv,123分钟,"7.9/10 from 11,339 users",https://lookimg.com/images/2019/08/22/p4g7A.jpg,2018年剧情喜剧《家族之苦3》BD日语中字,喜剧/剧情,2018
"['罗美兰 Mi-ran Ra', '李圣经 Sung-Kyung Lee', '尹相铉 Sang-hyun Yun', '崔秀英 Sooyoung Choi', '廉惠兰 Yum Hye-ran', '魏河俊 Ha-joon Wi', '朱宇宰 Woo-Jae Joo', '姜宏硕 Kang Hong-suk', '金道完 Do-wan Kim', '安昌焕 Chang-hwan An', '李贞敏 Lee Jung-min', '朴素恩 Park So-eun', '赵炳奎 Byeong-gyu Jo']",韩国,https://extraimage.net/images/2019/08/21/b24af712189aba157506649140c364a1.jpg,"['讲述虽然是传说中有名的Ace刑警，但在结婚后就到了民怨室工作的美英(罗美兰)和闯祸后被驱逐到民怨室的警察智慧(李圣经)相遇，偶然追赶犯罪事件的动作喜剧故事。', '故事中罗美兰饰演过去是机动队的王牌，结婚生子后放弃了梦想在民怨室担任主务工作的警察美英。李圣经饰演虽然在强力班抱有梦想但因为意欲过多接连发生事故后被派遣往民怨室的智慧。', '影片描写了两人偶然卷入犯罪事件，并一起扫荡犯人的喜剧过程。罗美兰和李圣经虽然互相争吵的关系，但在抓捕犯人面前却不惜肆意展现义气的桀骜不驯的魅力，在调查过程中展现出的两位演员的武打动作也将给观众带来趣味性。', '']",郑多元 Da-Won Jung,ftp://ygdy8:ygdy8@yg45.dydytt.net:6181/阳光电影www.ygdy8.com.女警.HD.720p.韩语中字.mkv,107分钟,"6.8/10 from 6,875 users",https://lookimg.com/images/2019/08/21/pNGTn.jpg,2019年动作喜剧《女警/女警探》BD韩语中字,喜剧/动作/悬疑/犯罪,2019
"['克莱伦斯·埃文特', '斯努普狗狗', ""吹牛老爹 Sean 'P. Diddy' Combs"", '莱昂内尔·里奇', '苏珊娜·德帕塞', '大卫·格芬 David Geffen', '杰里·莫斯', '赛西莉·泰森', '吉米·詹姆 Jimmy Jam', '特里·刘易斯 Terry Lewis', '杰米·福克斯 Jamie Foxx', '◎简\u3000\u3000介', '几十年以来，世界上最知名的艺人、运动员和政治家在他们人生和职业生涯中最关键的时刻都向一个人寻求建议，包括格莱美奖®得主、名人堂成员、世界重量级拳击冠军和两位美国总统。此人就是克莱伦斯·埃文特。', '《黑人音乐教父》讲述了埃文特非凡而传奇的成名历程，这位音乐界高层通过自己开创性的幕后成就打造出众多杰出人物，例如比尔·威瑟斯、昆西·琼斯、穆罕默德·阿里、汉克·阿伦，以及总统比尔·克林顿和巴拉克·奥巴马。', '根深蒂固的种族主义已渗透到美国的每一个角落，在平等、忠诚和正义感的驱使下，埃文特摆脱南方的种族歧视制度，成为了一名出色的谈判专家。埃文特打破了人们对于黑人高管的概念，为有色人种艺人和高管重新定义娱乐圈，其利他主义的精神，也激励后人纷纷效仿。', '《黑人音乐教父》由荣获奥斯卡金像奖®提名的雷吉纳·哈德林执导，采访了斯努普狗狗、吹牛老爹、莱昂内尔·里奇、苏珊娜·德帕塞、大卫·格芬、杰里·莫斯、赛西莉·泰森、吉米·詹姆、特里刘易斯和杰米·福克斯等人，本片聚焦于将整个职业生涯奉献给照耀他人的音乐教父，揭秘了这位大师的真实故事。', '', '【下载地址】', '', '磁力链下载点击这里', '', '', '', '', '', '', '', 'ftp://ygdy8:ygdy8@yg45.dydytt.net:5058/阳光电影www.ygdy8.com.黑人音乐教父.BD.720p.中英双字幕.mkv', '', '', '', '', '', '']",美国,https://extraimage.net/images/2019/08/21/7e54c06554a7ce16c0f08063a7698790.jpg,"['几十年以来，世界上最知名的艺人、运动员和政治家在他们人生和职业生涯中最关键的时刻都向一个人寻求建议，包括格莱美奖®得主、名人堂成员、世界重量级拳击冠军和两位美国总统。此人就是克莱伦斯·埃文特。', '《黑人音乐教父》讲述了埃文特非凡而传奇的成名历程，这位音乐界高层通过自己开创性的幕后成就打造出众多杰出人物，例如比尔·威瑟斯、昆西·琼斯、穆罕默德·阿里、汉克·阿伦，以及总统比尔·克林顿和巴拉克·奥巴马。', '根深蒂固的种族主义已渗透到美国的每一个角落，在平等、忠诚和正义感的驱使下，埃文特摆脱南方的种族歧视制度，成为了一名出色的谈判专家。埃文特打破了人们对于黑人高管的概念，为有色人种艺人和高管重新定义娱乐圈，其利他主义的精神，也激励后人纷纷效仿。', '《黑人音乐教父》由荣获奥斯卡金像奖®提名的雷吉纳·哈德林执导，采访了斯努普狗狗、吹牛老爹、莱昂内尔·里奇、苏珊娜·德帕塞、大卫·格芬、杰里·莫斯、赛西莉·泰森、吉米·詹姆、特里刘易斯和杰米·福克斯等人，本片聚焦于将整个职业生涯奉献给照耀他人的音乐教父，揭秘了这位大师的真实故事。', '']",雷吉纳·哈德林 Reginald Hudlin,ftp://ygdy8:ygdy8@yg45.dydytt.net:5058/阳光电影www.ygdy8.com.黑人音乐教父.BD.720p.中英双字幕.mkv,118分钟,,https://lookimg.com/images/2019/08/21/pNMtq.jpg,2019年纪录片《黑人音乐教父》BD中英双字幕,纪录片,2019
"['朱迪·丹奇 Judi Dench', '索菲·库克森 Sophie Cookson', '斯蒂芬·坎贝尔·莫尔 Stephen Campbell Moore', '汤姆·休斯 Tom Hughes', '弗雷迪·加米那拉 Freddie Gaminara', '劳伦斯·斯佩尔曼 Laurence Spellman', '特雷扎·萨博瓦 Tereza Srbova', '本·迈尔斯 Ben Miles', '罗宾·索恩斯 Robin Soans', '凯文·福勒 Kevin Fuller', '斯蒂芬·鲍克思 Stephen Boxer', '艾德·伯奇 Ed Birch', '史蒂芬·萨姆森 Stephen Samson', '尼娜·索珊娅 Nina Sosanya']",英国,https://extraimage.net/images/2019/08/19/3fad95eccac88136593830eda313343c.jpg,"['朱迪·丹奇、索菲·库克森将参演谍战题材新片[赤姝谍魅](RedJoan，暂译)，影片改编自2014年出版的同名小说，创作灵感来自潜伏在英国最长寿的克格勃女间谍。库克森与丹奇将在片中分别饰演青年和老年时代的女间谍琼。英国知名莎剧导演崔佛·纳恩将执导这部关于信仰、爱情与政局的影片。', '']",崔佛·纳恩 Trevor Nunn,ftp://ygdy8:ygdy8@yg45.dydytt.net:8497/阳光电影www.ygdy8.com.红琼.BD.720p.中英双字幕.mkv,101分钟,"6.9/10 from 1,487 users",https://lookimg.com/images/2019/08/20/pWn2R.jpg,2019年惊悚《红琼/红色密令》BD中英双字幕,剧情/惊悚/传记,2019
"['柳承龙 Seung-yong Ryoo', '李东辉 Dong-Hwi Lee', '李荷妮 Ha-nui Lee', '陈善圭 Jin Sun-kyu', '申河均 Ha-kyun Shin']",韩国,https://www.z4a.net/images/2019/03/20/had.jpg,"['李炳宪导演([二十])的新作[极限职业]卡司确定，演员柳承龙、李东辉、李哈妮、陈善圭、申河均确定出演该片。影片讲述毒品侦查班的故事。柳承龙、李东辉、李哈妮、陈善圭将饰演缉毒刑警。该片将于4月投入拍摄。', '']",李炳宪 Byeong-Heon Lee,ftp://ygdy8:ygdy8@yg45.dydytt.net:7497/阳光电影www.ygdy8.com.极限职业.BD.720p.韩语中字.mkv,111分钟,7.7/10 from 67417 users,https://lookimg.com/images/2019/03/19/jNop5.jpg,2019年喜剧《极限职业/极端职业》BD韩语中字[更新],喜剧/犯罪,2019
"['泰勒·拉塞尔 Taylor Russell', '洛根·米勒 Logan Miller', '黛博拉·安沃尔 Deborah Ann Woll', '泰勒·莱伯恩 Tyler Labine', '杰·埃利斯 Jay Ellis', '尼克·多达尼 Nik Dodani', '杰西卡·萨顿 Jessica Sutton', '约里克·范·韦杰宁根 Yorick van Wageningen', '杰米-李·蒙尼 Jamie-Lee Money', '亚当·罗比特尔 Adam Robitel', '韦尔·廷德尔 Vere Tindale', '肯尼思·霍 Kenneth Fok', '科尼利厄斯·吉尼 Cornelius Geaney Jr.', '保罗·汉普赛尔 Paul Hampshire', '佩泰·塞彭克 Pete Sepenuk', '丹·格伦伯格 Dan Gruenberg', '吉诺·李 Gino Lee']",美国,https://extraimage.net/images/2019/04/08/244aaddf8201fc7c3fbb844f142f414e.jpg,"['六位身份各异的陌生人，为赢取高额奖金，在神秘盒子的指引下受邀参与世界顶级密室逃脱游戏。谁知密室内布局精良机关重重，陷阱遍布杀机暗藏。是刺激游戏，还是博命赌局？谁在背后操控这一切？谁能够成功破解谜局，逃出生天？', '']",亚当·罗比特尔 Adam Robitel,ftp://ygdy8:ygdy8@yg90.dydytt.net:8601/阳光电影www.ygdy8.com.密室逃生.BD.720p.国英双语双字.mkv,100分钟,7.3/10 from 92131 users,https://lookimg.com/images/2019/08/20/pWE1A.jpg,2019年悬疑惊悚《密室逃生》BD国英双语双字,悬疑/惊悚,2019
"['帕顿·奥斯瓦尔特 Patton Oswalt', '凯文·哈特 Kevin Hart', '哈里森·福特 Harrison Ford', '艾瑞克·斯通斯崔特 Eric Stonestreet', '珍妮·斯蕾特 Jenny Slate', '蒂凡尼·哈迪斯 Tiffany Haddish', '蕾克·贝尔 Lake Bell', '达纳·卡维 Dana Carvey', '鲍比·莫尼汉 Bobby Moynihan', '汉尼拔·布勒斯 Hannibal Buress', '克里斯·雷纳德 Chris Renaud', '艾丽·坎伯尔 Ellie Kemper', '皮特·霍尔姆斯 Pete Holmes', '尼克·克罗尔 Nick Kroll', '肖恩·吉布朗尼 Sean Giambrone', '梅雷迪斯·萨拉格尔 Meredith Salenger', '迈克尔·贝亚蒂 Michael Beattie', '大卫·阿克德 David Acord', '斯科特·摩西尔 Scott Mosier', '杰米·卡米尔 Jaime Camil', '拉瑞恩·纽曼 Laraine Newman', '布莱恩·T·德莱尼 Brian T. Delaney', '杰西卡·迪西可 Jessica Di Cicco', '桑德拉·艾切维里亚 Sandra Echeverría', '加斯·詹宁斯 Garth Jennings', '塔拉·斯特朗 Tara Strong', '弗雷德·塔特西奥 Fred Tatasciore', '约翰·卡西尔 John Kassir', '斯科特·门维尔 Scott Menville', '马修·伍德 Matthew Wood']",美国,https://extraimage.net/images/2019/08/19/42b05fc781db544002dc9d06b27fab9f.jpg,"['《爱宠大机密2》将延续2016年夏天轰动一时的《爱宠大机密》的故事，讲述宠物在我们每天离家工作或上学后的生活。照明娱乐创始人兼首席执行官克里斯·梅勒丹德利和他长久以来的合作伙伴珍娜·海莉将共同制作这部续集。《爱宠大机密》是当时开画成绩最好的原创电影，不论是动画片还是其他类型。', '《爱宠大机密2》继续由布莱恩·林奇（《小黄人大眼萌》）编剧，并再一次由克里斯·雷纳德（《神偷奶爸》系列，《老雷斯的故事》）执导。', '']",克里斯·雷纳德 Chris Renaud,ftp://ygdy8:ygdy8@yg45.dydytt.net:8496/阳光电影www.ygdy8.com.爱宠大机密2.BD.720p.中英双字幕.mkv,86分钟,"7.1/10 from 38,211 users",https://lookimg.com/images/2019/08/19/pjT9h.jpg,2019年动画喜剧《爱宠大机密2》BD中英双字幕,喜剧/动画/冒险,2019
"['克里斯·海姆斯沃斯 Chris Hemsworth', '泰莎·汤普森 Tessa Thompson', '丽贝卡·弗格森 Rebecca Ferguson', '库梅尔·南贾尼 Kumail Nanjiani', '拉菲·斯波 Rafe Spall', '艾玛·汤普森 Emma Thompson', '连姆·尼森 Liam Neeson', 'Davina Sitaram', '纳西尔·贾玛 Nasir Jama', 'Viktorija Faith', 'Penelope Kapudija', '斯蒂芬·怀特 Stephen Wight', '安纳托·陶布曼 Anatole Taubman', '露丝·霍洛克斯 Ruth Horrocks', '贝恩·科拉科 Bern Collaço', '马西·哈里尔 Marcy Harriell', '哈廷·帕特尔 Hiten Patel', '通恰伊·古奈什 Tuncay Gunes', 'Adrian Alvarado', '史蒂芬·萨姆森 Stephen Samson', 'Mandeiya Flory', '黄渤 Bo Huang', '伊隆·马斯克 Elon Musk']",美国,https://extraimage.net/images/2019/07/29/79b913efe06f6bc2cce8544003b40862.jpg,"['全球最具影响力的经典科幻IP《黑衣人》全面升级！科幻电影之父史蒂文·斯皮尔伯格联手《速度与激情8》导演F·加里·格雷，金牌班底鼎力巨献！英国黑衣人总部王牌探员H（锤哥）与新晋探员M（泰莎·汤普森）在阻止外星团伙入侵的过程中意外铲除了隐藏在黑衣人组织中的内奸，成功拯救世界。', '影片中，各种脑洞大开的外星人和颠覆想象的高科技装备轮番登场，热血沸腾惊心动魄的动作追车场面层出不穷，完美构建出全新的黑衣人宇宙观。', '']",F·加里·格雷 F. Gary Gray,ftp://ygdy8:ygdy8@yg45.dydytt.net:3220/阳光电影www.ygdy8.com.黑衣人：全球追缉.HD.1080p.国英双语双字.mkv,115分钟,"5.7/10 from 72,702 users",https://lookimg.com/images/2019/08/17/pcZOc.jpg,2019年科幻动作《黑衣人：全球追缉》HD国英双语双字,喜剧/动作/科幻,2019
"['安妮·海瑟薇 Anne Hathaway', '蕾蓓尔·威尔森 Rebel Wilson', '蒂姆·布雷克·尼尔森 Tim Blake Nelson', '艾利克斯·夏普 Alex Sharp', '罗非洛·迪格托勒 Raffaello Degruttola', '迪诺·布加迪 Deano Bugatti', '布鲁诺·塞维利亚 Bruno Sevilla', '克里斯多夫·德·舒瓦西 Christophe de Choisy', '菲利普·德斯穆尔斯 Philip Desmeules', '库姆德·潘特 Kumud Pant', '塞缪尔·加斯帕德 Samuel Gaspard']",美国,https://extraimage.net/images/2019/08/15/4120f47369cbf6fbb1b500b0d81ba4ca.jpg,"['安妮·海瑟薇将加盟蕾蓓尔·威尔森新片《坏坏女郎》(NastyWomen，暂译)。影片翻拍自1988年弗兰克·奥兹执导，史蒂夫·马丁、迈克尔·凯恩主演的《骗徒臭事多》。片中安妮·海瑟薇、蕾蓓尔·威尔森化身女版骗徒，当然此次她们的目标将是鲜嫩多汁的“单身男子”。', '']",克里斯·艾迪生 Chris Addison,ftp://ygdy8:ygdy8@yg45.dydytt.net:8495/阳光电影www.ygdy8.com.偷心女盗.BD.720p.中英双字幕.mkv,93分钟,"5.7/10 from 3,770 users",https://lookimg.com/images/2019/08/16/pYnzm.jpg,2019年喜剧《偷心女盗/诈骗女神》BD中英双字幕,喜剧,2019
"['基努·里维斯 Keanu Reeves', '哈莉·贝瑞 Halle Berry', '劳伦斯·菲什伯恩 Laurence Fishburne', '安杰丽卡·休斯顿 Anjelica Huston', '伊恩·麦柯肖恩 Ian McShane', '马克·达卡斯考斯 Mark Dacascos', '艾莎·凯特·狄龙 Asia Kate Dillon', '兰斯·莱迪克 Lance Reddick', '萨伊德·塔格马奥 Saïd Taghmaoui', '杰罗姆·弗林 Jerome Flynn', '杰森·曼兹沃克斯 Jason Mantzoukas', '托拜厄斯·西格尔 Tobias Segal', '博班·马里亚诺维奇 Boban Marjanovic', '罗宾·泰勒 Robin Lord Taylor', '罗比·德拉费勒 Robbie DeRaffele', '费斯·洛根 Faith Logan', '雅彦·鲁伊安 Yayan Ruhian', '兰德尔·杜克·金 Randall Duk Kim', '袁之正 Roger Yuan', '陈虎 Tiger Hu Chen', '安东尼·帕迪利亚 Anthony Padilla', '斯特凡尼娅·马卡洛娃 Stefaniya Makarova', '西尔维奥·西马克 Silvio Simac', '马米·科西科 Marmee Cosico', '罗曼·米蒂齐扬 Roman Mitichyan', '塞塞普·阿里夫·拉赫曼 Cecep Arif Rahman', '安妮·比萨比亚 Annie Pisapia', '约翰·盖蒂尔 John Gettier']",美国,https://extraimage.net/images/2019/08/15/246fdc5646cdcaf4bbed89330547d36f.jpg,"['约翰·威克经历了前两次的追杀、特攻之后，由于执意破坏酒店规矩，因而遭到悬赏通缉，全球杀手闻风而至、一路追杀。这次他又将如何杀出重围，终结这场逃亡之旅。', '']",查德·斯塔赫斯基 Chad Stahelski,ftp://ygdy8:ygdy8@yg45.dydytt.net:8494/阳光电影www.ygdy8.com.疾速备战.BD.720p.中英双字幕.mkv,131分钟,"8.0/10 from 34,949 users",https://lookimg.com/images/2019/08/15/pGQT8.jpg,2019年动作《疾速备战/疾速追杀3》BD中英双字幕,动作/惊悚/犯罪,2019
"['布列塔尼·凯撒 Brittany Kaiser', '戴维·卡罗尔 David Carroll', '朱利安·惠特兰 Julian Wheatland', '卡罗尔·卡德沃拉迪尔 Carole Cadwalladr', '保罗·希尔德 Paul Hilder', '罗杰·麦克纳米 Roger McNamee', '希拉里·罗德姆·克林顿 Hillary Rodham Clinton', '奈杰尔·法拉奇 Nigel Farage', '查克·格拉斯利 Charles Grassley', '唐纳德·特朗普 Donald Trump', '马克·扎克伯格 Mark Zuckerberg', '格雷琴·卡尔森 Gretchen Carlson', '莱斯特·赫特 Lester Holt', '塞斯·梅耶斯 Seth Meyers', '巴拉克·奥巴马 Barack Obama']",美国,https://extraimage.net/images/2019/08/14/5d474721f51524e52f02034fae68da04.jpg,"['你曾经填写过在线调查吗？你想知道为什么你会收到你前一天研究的产品的广告吗？害怕。非常害怕。数据已经超过石油，成为世界上最有价值的资产，而且它正被用来发动文化和政治战争。我们正在为控制我们最私密的个人细节而斗争。', '']",卡里姆·阿米尔 Karim Amer / 耶菡·妮珍儿 Jehane Noujaim,ftp://ygdy8:ygdy8@yg45.dydytt.net:7494/阳光电影www.ygdy8.com.隐私大盗.BD.720p.中英双字幕.mkv,135分钟,7.8/10 from 557 users,https://lookimg.com/images/2019/08/15/pGvJD.jpg,2019年纪录片《隐私大盗》BD中英双字幕,纪录片,2019
"['凯尔·钱德勒 Kyle Chandler', '维拉·法米加 Vera Farmiga', '米莉·波比·布朗 Millie Bobby Brown', '章子怡 Ziyi Zhang', '渡边谦 Ken Watanabe', '布莱德利·惠特福德 Bradley Whitford', '托马斯·米德蒂奇 Thomas Middleditch', '艾莎·辛德斯 Aisha Hinds', '莎莉·霍金斯 Sally Hawkins', '查尔斯·丹斯 Charles Dance', '大卫·斯特雷泽恩 David Strathairn', ""小奥谢拉·杰克逊 O'Shea Jackson Jr."", '希·庞德 CCH Pounder', '安东尼·拉莫斯 Anthony Ramos', '杰森·莱尔斯 Jason Liles', '乔纳森·霍华德 Jonathan Howard', '莱尔·布罗卡托 Lyle Brocato', '兰德尔·P·海文斯 Randall P. Havens', 'T·C·马特恩 T.C. Matherne', '吉米·冈萨雷斯 Jimmy Gonzales', '萨莎·里翁达 Sasha Rionda', '文斯·福斯特 Vince Foster', '贾斯蒂斯·利克 Justice Leak', '菲奥娜·哈丁汉姆 Fiona Hardingham', '露西·卡罗尔 Lucie Carroll', '约书亚·利瑞 Joshua Leary', '艾伦·马克森 Alan Maxson', '肯尼斯·以色列 Kenneth Israel', '阿尔·维森特 Al Vicente', '塞西尔·M·亨利 Cecil M. Henry', '迈克尔·大卫·育尔 Michael David Yuhl', '本杰明·韦弗 Benjamin Weaver', '卡梅伦·布鲁姆布罗 Cameron Brumbelow', '帕蒂·舍尔哈斯 Patti Schellhaas', '理查德·多顿 Richard Dorton', '詹姆斯·斯特林 James Sterling', '麦克斯韦·海史密斯 Maxwell Highsmith', '贾斯汀·斯劳特 Justin Slaughter', '肖恩·索斯 Shawn South', '马科·查卡 Marko Caka', '蒂莫西·卡尔 Timothy Carr']",美国,https://extraimage.net/images/2019/08/14/1b6632942bc26437cbd65f083f77d80b.jpg,"['随着《哥斯拉》和《金刚：骷髅岛》在全球范围内取得成功，传奇影业和华纳兄弟影业联手开启了怪兽宇宙系列电影的新篇章—一部史诗级动作冒险巨制。在这部电影中，哥斯拉将和众多大家在流行文化中所熟知的怪兽展开较量。全新故事中，研究神秘动物学的机构“帝王组织”将勇敢直面巨型怪兽，其中强大的哥斯拉也将和魔斯拉、拉顿和它的死对头——三头王者基多拉展开激烈对抗。当这些只存在于传说里的超级生物再度崛起时，它们将展开王者争霸，人类的命运岌岌可危……', '']",迈克尔·道赫蒂 Michael Dougherty,ftp://ygdy8:ygdy8@yg45.dydytt.net:3219/阳光电影www.ygdy8.com.哥斯拉2：怪兽之王.BD.720p.中英双字幕.mkv,132分钟,"6.4/10 from 150,795 users",https://lookimg.com/images/2019/08/14/pTnz9.jpg,2019年科幻动作《哥斯拉2：怪兽之王》BD中英双字幕,动作/科幻/冒险/灾难,2019
"['阿克谢·库玛尔 Akshay Kumar', '帕丽莱蒂·曹帕拉 Parineeti Chopra', '苏文德·维奇 Suvinder Vicky', '万什·巴德韦杰 Vansh Bhardwaj', '苏密特·巴士兰 Sumeet Basran', '阿吉特·辛格 Ajit Singh', '维维克·塞尼 Vivek Saini', '马克·班宁顿 Mark Bennington']",印度,https://extraimage.net/images/2019/08/12/4f4c0a3b94cbcdddb34eb6e74061fa20.jpg,"['这部历史剧展示了1897年萨拉加希之战。本片的重点是伊沙·辛格士官。他在当时的印度阿富汗边界开伯尔-普赫图赫瓦的沙门山脉的三个要塞之一驻守。因违抗上司命令从宗教分子手中拯救了一名阿富汗姑娘，因而被调到作为信息中转站的萨拉加希要塞。', '而阿富汗宗教分子便利用这个借口，想一举夺下三个要塞。而首先进攻的就是作为中转站的萨拉加希要塞。伊沙·辛格士官率领21名锡克教徒组成的排抗击超过1万阿富汗的侵略军，浴血奋战，硬生生地拖延了阿富汗的侵略军的进攻步伐，从而破灭了阿富汗的侵略军一举夺下三个要塞的阴谋，可是，21名勇士全部罹难，壮烈牺牲。这次活动被认为是历史上最伟大的背水一战。', '']",安劳格·辛格 Anurag Singh,ftp://ygdy8:ygdy8@yg45.dydytt.net:4209/阳光电影www.ygdy8.com.凯萨里.BD.720p.中英双字幕.mkv,150分钟,6.8/10 from 196 users,https://lookimg.com/images/2019/08/12/pkwEh.jpg,2019年历史战争《凯萨里》BD中英双字幕,历史 / 战争,2019
"['伊丽莎白·班克斯 Elizabeth Banks', '大卫·丹曼 David Denman', '梅瑞迪斯·海格纳 Meredith Hagner', '马特·琼斯 Matt Jones', '詹尼佛霍兰德 Jennifer Holland', '贝基·瓦赫尔斯特罗姆 Becky Wahlstrom', '特伦斯·罗斯摩尔 Terence Rosemore', '史蒂芬·布莱克哈特 Stephen Blackehart', '史蒂夫·阿吉 Steve Agee', '杰克逊·艾顿 Jackson A. Dunn', '安妮·汉弗莱 Annie Humphrey', '克里斯蒂安·芬拉森 Christian Finlayson', '艾美·亨特 Emmie Hunter', '迈克·顿斯顿 Mike Dunston']",美国,https://extraimage.net/images/2019/08/12/c642dfc25e135a6d468d11faf3372acb.jpg,"['一对没有孩子的乡村夫妻从家附近的宇宙飞船里捡到了一个婴儿抚养长大，渐渐的发现这个孩子有点与众不同，各种超自然能力在他身上显现出来，他披上了斗篷...但穿上斗篷的不一定都是英雄……', '']",大卫·雅洛维斯基 David Yarovesky,ftp://ygdy8:ygdy8@yg90.dydytt.net:8596/阳光电影www.ygdy8.com.魔童.BD.720p.中英双字幕.mkv,91分钟,"5.5/10 from 4,961 users",https://lookimg.com/images/2019/08/12/pkX9r.jpg,2019年恐怖《魔童》BD中英双字幕,恐怖,2019
"['塔伦·埃格顿 Taron Egerton', '杰米·贝尔 Jamie Bell', '理查德·麦登 Richard Madden', '布莱丝·达拉斯·霍华德 Bryce Dallas Howard', '斯蒂文·麦金托什 Steven Mackintosh', '查理·罗 Charlie Rowe', '哈丽特·瓦尔特 Harriet Walter', '维克托里娅·菲斯 Viktorija Faith', '杰玛·琼斯 Gemma Jones', '汤姆·班尼特 Tom Bennett', '朱利安·费罗 Julian Ferro', '莱顿·威廉姆斯 Layton Williams', '基特·康纳 Kit Connor', '卡米尔·雷米泽斯基 Kamil Lemieszewski', '贝恩·科拉科 Bern Collaço', '齐亚德·阿巴扎 Ziad Abaza', '伊斯雷尔·鲁兹 Israel Ruiz', '拉斯科·阿特金斯 Lasco Atkins', '格雷厄姆·弗莱彻-库克 Graham Fletcher-Cook', '史蒂威·戴维斯 Stevee Davies']",英国/美国,https://extraimage.net/images/2019/08/11/556929f5b65b1ae8693bafd0f0ae73bb.jpg,"['《火箭人》是叙述英国国宝级歌手艾尔顿强爵士的故事，如何从英国皇家音乐学院的奇才，变成了流行音乐界的天王，当今乐坛的传奇人物。片名取自艾尔顿强经典名曲〈ROCKETMAN〉，泰隆艾格顿挑战华丽多变、大胆前卫的舞台造型，以及一边弹钢琴一边大展爆发力的歌喉，唱出一首首观众耳熟能详的动人歌曲，绝对是不能错过的音乐奇想电影。', '']",德克斯特·弗莱彻 Dexter Fletcher,ftp://ygdy8:ygdy8@yg45.dydytt.net:8492/阳光电影www.ygdy8.com.火箭人.BD.720p.中英双字幕.mkv,121分钟,"7.2/10 from 4,028 users",https://lookimg.com/images/2019/08/11/pKnxg.jpg,2019年剧情音乐《火箭人》BD中英双字幕,剧情/同性/音乐/传记,2019
"['克里斯汀·斯图尔特 Kristen Stewart', '黛安·克鲁格 Diane Kruger', '劳拉·邓恩 Laura Dern', '吉姆·斯特吉斯 Jim Sturgess', '科特妮·洛芙 Courtney Love', '小凯文·哈里森 Kelvin Harrison Jr.', '詹姆斯·贾格尔 James Jagger', '艾丽西亚·约翰斯顿 Alicia Johnston', '大卫·劳伦斯·布朗 David Lawrence Brown', '威尔·沃伊托维希 Will Woytowich', '克雷格·哈斯 Craig Haas', '吉姆·科比 Jim Kirby', '洛丽·帕帕佐普洛斯 Lorrie Papadopoulos', '德里克·詹姆斯·特拉普 Derek James Trapp']",美国,https://extraimage.net/images/2019/08/11/79ab54a8f343dea1e71960c16804cac9.jpg,"['故事改编自真实事件，讲述1999年，一个名叫JTLeRoy的变性男子以作家身份走红，后被揭发此人的形象其实是捏造出来的：所谓他写的书，其实是一个叫LauraAlbert(邓恩饰演)的女人写的，而他出现在公众面前的形象，是一个叫SavannahKnoop的女人(斯图尔特饰演)扮演的。', '']",贾斯汀·凯利 Justin Kelly,ftp://ygdy8:ygdy8@yg45.dydytt.net:7492/阳光电影www.ygdy8.com.JT·莱罗伊.BD.720p.中英双字幕.mkv,105分钟,6.2/10 from 557 users,https://lookimg.com/images/2019/08/11/pKpG5.jpg,2019年剧情传记《JT·莱罗伊》BD中英双字幕,剧情/传记,2018
"['格雷厄姆·维奇尔 Graham Verchere', '犹大·刘易斯 Judah Lewis', '凯勒布·埃默里 Caleb Emery', '科里·格鲁特-安德鲁 Cory Gruter-Andrew', '提拉·斯考比 Tiera Skovbye', '里奇·索莫 Rich Sommer', '贾森·加里-斯坦福德 Jason Gray-Stanford', 'Shauna Johannesen', 'Mark Brandon Read', 'J. Alex Brinson', 'Aren Buchholz', 'Susie Castillo', 'Harrison Houde', 'Patrick Lubczyk', 'William MacDonald', '◎简\u3000\u3000介', '几个青春期的少年发现警察邻居是连环杀手，他们开始花时间监视这位邻居。但随着他们越来越接近发现真相，事情变得危险。', '', '【下载地址】', '', '磁力链下载点击这里', '', '', '', '', '', '', '', 'ftp://ygdy8:ygdy8@yg90.dydytt.net:8595/阳光电影www.ygdy8.com.八四年夏天.BD.720p.英语中字.mkv', '', '', '', '', '', '']",美国,https://extraimage.net/images/2018/09/04/355fd4163593ead728c7116fd1c9d23c.jpg,"['几个青春期的少年发现警察邻居是连环杀手，他们开始花时间监视这位邻居。但随着他们越来越接近发现真相，事情变得危险。', '']",François Simard / Anouk Whissell / Yoann-Karl Whissell,ftp://ygdy8:ygdy8@yg90.dydytt.net:8595/阳光电影www.ygdy8.com.八四年夏天.BD.720p.英语中字.mkv,105分钟,"6.1/10 from 1,585 users",https://lookimg.com/images/2019/08/11/pKERD.jpg,2018年惊悚恐怖《八四年夏天》BD英语中字,剧情/惊悚/恐怖,2017
"['梅纳·玛索德 Mena Massoud', '娜奥米·斯科特 Naomi Scott', '威尔·史密斯 Will Smith', '马尔万·肯扎里 Marwan Kenzari', '纳维德·内加班 Navid Negahban', '纽曼·阿卡 Numan Acar', '艾伦·图代克 Alan Tudyk', '比利·马格努森 Billy Magnussen', '纳西姆·帕杜雷德 Nasim Pedrad', '卡米尔·雷米泽斯基 Kamil Lemieszewski', '乔伊·安沙 Joey Ansah', '贾格·帕特尔 Jag Patel', '贝恩·科拉科 Bern Collaço', '凯西·克莱尔 Cassie Clare', '威尔·布拉格罗夫 Will Blagrove', '哈廷·帕特尔 Hiten Patel', '阿米尔鲍特罗斯 Amir Boutrous', '埃里克·可可 Eric Coco', '弗兰·塔格 Fran Targ', '阿玛尔·阿达蒂亚 Amar Adatia', '乔丹·A·纳什 Jordan A. Nash', '通恰伊·古奈什 Tuncay Gunes', '塞尔哈特·梅汀 Serhat Metin', '凯文·马塔迪恩 Kevin Matadeen', '保利娜·博内瓦 Paulina Boneva', '塔希尔·布尔汉 Tahir Burhan', '亚当·柯林斯 Adam Collins']",美国,https://extraimage.net/images/2019/08/10/4dd5a9e7babfec548c4f103475e1eb82.jpg,"['在充满异域风情的古代阿拉伯王国，善良的穷小子阿拉丁（莫纳·马苏德饰）和勇敢的茉莉公主（娜奥米·斯科特饰）浪漫邂逅，在可以满足主人三个愿望的神灯精灵（威尔·史密斯饰）的帮助下，两人踏上了一次寻找真爱和自我的魔幻冒险。', '']",盖·里奇 Guy Ritchie,ftp://ygdy8:ygdy8@yg90.dydytt.net:8594/阳光电影www.ygdy8.com.阿拉丁.BD.720p.中英双字幕.mkv,128分钟,"7.8/10 from 135,350 users",https://lookimg.com/images/2019/08/10/p26Um.jpg,2019年奇幻冒险《阿拉丁》BD中英双字幕,爱情 / 歌舞 / 奇幻 / 冒险,2019
"['丹尼斯·奎德 Dennis Quaid', '凯瑟琳·普雷斯科特 Kathryn Prescott', '刘宪华 Henry Lau', '玛格·海根柏格 Marg Helgenberger', '贝蒂·吉尔平 Betty Gilpin', '乔什·加德 Josh Gad', '艾比·莱德·弗特森 Abby Ryder Fortson', '杰克·曼利 Jake Manley', '达妮埃拉·巴博萨 Daniela Barbosa', '陈琦烨 Ian Chen', '杰夫·罗普 Jeff Roop', '吉姆·科比 Jim Kirby']",美国,https://extraimage.net/images/2019/08/09/30e6b763e291dd23359bdf1ca7f08c91.jpg,"['小狗贝利延续使命，在主人伊森的嘱托下，通过不断的生命轮回，执着守护伊森的孙女CJ，将伊森对孙女的爱与陪伴，当做最重要的使命和意义，最终帮助CJ收获幸福，再次回到主人伊森身边。', '']",盖尔·曼库索 Gail Mancuso,ftp://ygdy8:ygdy8@yg90.dydytt.net:8593/阳光电影www.ygdy8.com.一条狗的使命2.BD.720p.中英双字幕.mkv,108分钟,"6.9/10 from 37,167 users",https://lookimg.com/images/2019/08/09/pU2Wt.jpg,2019年喜剧《一条狗的使命2》BD中英双字幕,剧情/喜剧/家庭,2019
"['阿米达普·巴强 Amitabh Bachchan ....Badal Gupta', 'Taapsee Pannu ....Naina Sethi', '阿莫瑞塔·金格 Amrita Singh ....Rani Kaur Toor', '安东尼奥·阿克儿 Antonio Aakeel ....Sunny Singh Toor', '托尼·卢克 Tony Luke ....Arjun Joseph', ""坦维尔·加尼 Tanveer Ghani ....Nirmal Toor 'Nimbi'"", 'Tariqsafdar Hussain ....Police sergeant', 'Mark Mansfield ....T.V. Reporter', 'April Agarwal-Aplin ....Sanna Sethi', 'India Agarwal-Aplin', 'Rachel Flynn ....Rachael Joseph', 'Jason Hetherington ....The Driver', 'Selina Hotwani ....Jasmeet', 'Maram Kamal ....Hallie Hume', 'Manav Kaul ....Jimmy Punjabi', 'Shome Makhija ....Sunil Sethi', ""Daniel O'Kane ....Hotel Boyfriend"", 'Denzil Smith ....Detective Sondhi']",印度,https://extraimage.net/images/2019/08/09/ccdd49b26839bf26f708e9ae6fbf83f6.jpg,"['印度翻拍西班牙犯罪惊悚片[看不见的客人]，新片名为[复仇](Badla，暂译)。宝莱坞男演员阿米达普·巴强([红粉惊魂])主演，导演苏乔伊·高什，女演员塔普西·帕努也已确认加盟。故事围绕一个年轻成功商人试图证明自己在情妇被杀案中的清白展开。沙鲁克·汗的制片公司RedChillies担任制作。', '']",苏乔伊·高什 Sujoy Ghosh,ftp://ygdy8:ygdy8@yg72.dydytt.net:8381/阳光电影www.ygdy8.com.复仇.BD.720p.中字.mkv,117分钟,6.6/10 from 159 users,https://lookimg.com/images/2019/08/09/pUx7d.jpg,2019年惊悚悬疑《复仇》BD中字,惊悚/悬疑,2019
"['黛安·克鲁格 Diane Kruger', '马丁·弗瑞曼 Martin Freeman', '卡斯·安瓦尔 Cas Anvar', '维尔纳·德恩 Werner Daehn', '李伦·勒夫 Liron Levo', 'Hadi Khanjanpour', 'Maria Gnecchi', 'Erez Ben-Ezra', 'Julia Schneider', 'Daniel Wandelt']",美国/以色列,https://extraimage.net/images/2019/08/08/91431644a9af61d8c1f1da025baa27e3.jpg,"['黛安·克鲁格、艾瑞克·巴纳加盟间谍金惊悚片[女特工](TheOperative，暂译)。影片由尤瓦尔·阿德勒([伯利恒])执导，根据以色列畅销小说《英语教师》改编。故事讲述一个女性(克鲁格饰)被摩萨德招募成为间谍并潜伏到德黑兰执行任务，而她更要处理自己和上司(巴纳饰)，目标人物的错乱关系。', '']",尤瓦尔·阿德勒 Yuval Adler,ftp://ygdy8:ygdy8@yg90.dydytt.net:8592/阳光电影www.ygdy8.com.女特工.BD.720p.中英双字幕.mkv,116分钟,,https://lookimg.com/images/2019/08/08/pvjNV.jpg,2019年惊悚剧情《女特工》BD中英双字幕,惊悚,2019
"['宋康昊 Kang-ho Song', '李善均 Seon-gyun Lee', '赵汝贞 Yeo-Jeong Jo', '崔宇植 Woo-Sik Choi', '朴素丹 Su-dam Park']",韩国,https://extraimage.net/images/2019/08/08/5f23a28434de4516a7694deda137ecb4.jpg,"['《寄生虫》讲述了发生在身份地位悬殊的两个家庭身上的故事：宋康昊饰演的无业游民父亲基泽，让寄托了家人生计希望的大儿子（崔宇植饰）前往IT公司老总朴社长（李善均饰）家应聘课外教师，随之发生了一连串意外事件。', '◎获奖情况', '第72届戛纳电影节(2019)', '主竞赛单元金棕榈奖奉俊昊', '']",奉俊昊 Joon-ho Bong,ftp://ygdy8:ygdy8@yg45.dydytt.net:8490/阳光电影www.ygdy8.com.寄生虫.BD.720p.韩语中字.mkv,132分钟,"9.1/10 from 50,883 users",https://lookimg.com/images/2019/08/08/pvChs.jpg,2019年高分获奖剧情《寄生虫》BD韩语中字,剧情,2019
