https://url.yingjiesheng.com/rjecxd,上海清算所,,,20/04/2020
https://url.yingjiesheng.com/neou3e,诺力昂化学品,,,20/04/2020
https://url.yingjiesheng.com/305i2k,新城控股,,,20/04/2020
https://url.yingjiesheng.com/bzm0ud,日立电梯,,,20/04/2020
http://www.yingjiesheng.com/job-004-595-658.html,东风德纳车桥有限公司,全职,,20/04/2020
http://www.yingjiesheng.com/job-004-595-659.html,上海新佑能源科技有限公司,全职,,20/04/2020
http://my.yingjiesheng.com/job_1003417.html,上海嘉定及时雨小额贷款股份有限公司,,,20/04/2020
http://my.yingjiesheng.com/job_1003426.html,北京华胜天成科技股份有限公司,,,20/04/2020
http://my.yingjiesheng.com/job_1003440.html,正略钧策集团股份有限公司,,,20/04/2020
http://my.yingjiesheng.com/job_1003445.html,深圳水木壹舟知识产权代理有限公司,,,20/04/2020
http://my.yingjiesheng.com/job_1003469.html,北京易讯电子设备有限公司,,,20/04/2020
http://my.yingjiesheng.com/job_1003480.html,苏州市易德龙电器有限公司,,,20/04/2020
http://www.yingjiesheng.com/job-004-595-657.html,中国科学院微小卫星创新研究院,全职,,20/04/2020
http://www.yingjiesheng.com/job-004-595-654.html,广州市城建开发集团名特网络发展有限公司,全职,,20/04/2020
http://www.yingjiesheng.com/job-004-595-652.html,湖北交投科技发展有限公司,全职,,20/04/2020
http://www.yingjiesheng.com/job-004-595-651.html,百济神州（北京）生物科技有限公司,全职,,20/04/2020
http://www.yingjiesheng.com/job-004-597-261.html,洛阳新区人民医院,2020招聘,,20/04/2020
http://www.yingjiesheng.com/job-004-597-230.html,深圳中电国际信息科技有限公司,2020校园招聘," 招聘公告»详情   深圳中电国际信息科技有限公司   深圳中电国际信息科技有限公司    单位性质： 国有及集体企业   单位行业： 批发业   单位规模： 301-1000人     工作城市： 江苏省南京市,上海市,广东省深圳市,北京市,湖北省武汉市  发布日期： 2020-04-2016:42    收藏  信息来源： 南京理工大学就业网 温馨提示：求职需提高谨慎，辨别信息真伪，勿上当受骗。     详情      中电港2020届管培生校园招聘  -- 让我们一起助力中国半导体行业发展  一、中电港简介：  中电港是世界500强中国电子信息产业集团（CEC）旗下的元器件产业应用创新平台，涵盖设计链、元器件分销、供应链协同配套和协同生态四大板块，为行业提供以电子元器件为核心的产业供应链综合服务解决方案,努力打造元器件供应链生态圈，2019年营业收入达191亿，海内外共36个办事处。立足粤港澳大湾区，助力中国半导体行业发展。  中央企业先进集体、中央企业青年文明号  国家级双创示范基地  全国供应链创新与应用试点企业  工信部首批电子元器件可信供应商  工信部互联网与工业融合创新试点企业  深圳市五一劳动奖状、深圳市工人先锋号    二、管培生计划  管培生计划是面向全国高校选拔“有激情、敢担当”的优秀应届毕业生，以中电港企业文化和人才观为宗旨，培养出高度契合中电港价值观、熟悉公司业务模式、有效推动经营目标达成的各级管理人才为方向的人才梯队培养计划。  管培生成长通道：      第一阶段    第二阶段    第三阶段    第四阶段      岗前培养/轮岗/见习    岗位成长期培养    岗位历练    管理及专业方向培养      6 个月    6 个月    24 个月    12-24 个月        三、管培生岗位      类别    职位    专业范围    学历要求    人数    工作地点      销售类    销售工程师    电子类相关专业    本科及以上    9    深圳、北京、上海、成都、武汉、南京      技术类    现场应用工程师    6    深圳      IT 类    数据分析开发工程师    计算机、信息技术等相关专业    1    深圳      设计类    UI设计师/平面设计师    平面设计等相关专业    1    东莞      职能类    人力资源专员、规划业务专员、采购专员、产品服务专员、综合服务专员    管理类相关专业    本科/硕士    8    深圳      财务专员    财务类相关专业    硕士    2    深圳        四、薪资福利  1、富有行业竞争力的薪资，六险一金；  2、助力成长：脱产培训、一对一导师、轮岗历练等管培生专项培养计划，为你成长加速度；  3、职业通道：管理和专业双通道,横纵向任你发展；  4、暖心福利：过节费、节日礼品、生日礼物、高温补贴、通讯补贴、出差补贴、添丁补贴等各式福利，更有多样化团建活动和生日趴；  5、丰富多彩活动：帆船、篮球、足球、羽毛球、游泳、跑团等各式俱乐部，让你轻松找到志同道合的伙伴；  6、深圳市新引进人才租房和生活补贴（补贴标准：本科15000元/人、硕士25000元/人、博士30000元/人，补贴资金一次性发放）。    五、招聘流程： 简历投递—简历筛选—线上测评—远程面试—签订三方协议—报到    六、简历投递（简历命名：姓名学校专业应聘岗位意向地点）：  1 、邮件：简历发送至hr HR@cecport.com""target=""_blank""> @cecport.com  2 、官网： www.cecport.com – 网页版右上方选项“人才招聘”-“校园招聘”  3 、人力资源微信公众号：CECport中电港人力资源平台-下方菜单栏“校园招聘”    七、联系方式： 潘先生 13427935510           ",20/04/2020
http://my.yingjiesheng.com/company_12592566.html,艾迪沃克国际教育科技（北京）有限公司,,,20/04/2020
http://my.yingjiesheng.com/job_1003551.html,丽水众安房地产开发有限公司,,,20/04/2020
http://my.yingjiesheng.com/job_1003560.html,深圳市百川安防科技有限公司,,,20/04/2020
http://my.yingjiesheng.com/job_1003574.html,江苏智恒达投资集团有限公司,,,20/04/2020
http://my.yingjiesheng.com/job_1003582.html,内蒙古伊利实业集团股份有限公司深圳分公司,,,20/04/2020
http://my.yingjiesheng.com/job_1003590.html,摩菲伊肯控制技术（杭州）有限公司,,,20/04/2020
http://my.yingjiesheng.com/job_1003257.html,爱墨瑞得（北京）信息咨询有限公司,,,20/04/2020
http://my.yingjiesheng.com/job_969804.html,中信建投证券股份有限公司北京朝阳路营业部,,,20/04/2020
http://www.yingjiesheng.com/job-004-597-205.html,上海清算所,,,20/04/2020
http://www.yingjiesheng.com/job-004-597-204.html,上海市杨浦区市东医院,2020招聘, 上海市杨浦区市东医院招聘公告 2020-04-13     一、医院简介  上海市杨浦区市东医院是集医疗、科研、教学、预防、保健于一体的公立二甲综合性医院，始建于 1946 年，地处上海市北部中原地区，医院核定床位 686 张，总建筑面积 6 万平方米，由总院、民星分院、营口分院组成。     医院科室齐全，学科各具特色。肿瘤专科、心血管内科、消化肿瘤专科、胃肠道肿瘤微创专科、胸痛中心、脑血管疾病科、肾病科、眼科、骨科曾先后为上海市重点专科和杨浦区医学重点学科；儿科依托 “ 新华 - 市东儿科医联体 ” ，发展迅速；医院先后获得市文明单位、市卫生系统文明单位等称号。  二、招聘岗位  1. 医师招聘  2010 年之后毕业的人员须取得住院医师规范化培训合格证书。       科室    岗位    学历要求    备注      呼吸内科                医师    硕士及以上    医师、主治医师、副主任医师      神经内科    硕士及以上    神经病学、康复医学专业，有神经介入经验或意向者优先      心血管内科    硕士及以上          肾病科    硕士及以上          介入科    硕士及以上          内分泌科    硕士及以上    硕士 1 名，博士 1 名      重症医学科    硕士及以上          麻醉科    本科及以上          急诊科    本科及以上          眼科    硕士及以上    博士      耳鼻咽喉科    硕士及以上    博士优先      皮肤科    硕士及以上          儿科    本科及以上    医师、主治医师      康复医学科    硕士及以上          超声科    硕士及以上          医学影像科    硕士及以上          心脏特检科    硕士及以上    心内或医学影像学专业，主治医师      病理科    硕士及以上          放疗科    硕士及以上    肿瘤学或放疗相关专业           2. 护理人员招聘  相关专业大专及以上学历，具有护士及以上职称，有工作经验者优先考虑。    3. 行政人员招聘       科室    岗位    学历要求    备注      医院感染管理科    行政职能科室    本科及以上    流行病与统计学等相关专业      科教科    本科及以上    流行病与统计学、卫生管理类、临床医学等相关专业         三、联系方式  医院地址：上海市杨浦区市光路 999 号（地铁 8 号线终点站市光路站） 联系人：牛老师、颜老师  联系电话： 021-65881636  简历投递邮箱： hr_sdzp@163.com  邮编： 200438   了解更多医院信息，请关注杨浦区市东医院公众号    ,20/04/2020
http://www.yingjiesheng.com/job-004-597-161.html,方大特钢科技股份有限公司,2020校园招聘,,20/04/2020
http://www.yingjiesheng.com/job-004-597-165.html,倍科电子技术服务（深圳）有限公司,2020校园招聘,,20/04/2020
http://www.yingjiesheng.com/job-004-597-143.html,北京天舟上元信息技术有限公司,2020校园招聘,,20/04/2020
http://www.yingjiesheng.com/job-004-597-084.html,福建天马科技集团股份有限公司,2020校园招聘,,20/04/2020
http://www.yingjiesheng.com/job-004-597-061.html,中国电子进出口有限公司,2020校园招聘, 中国电子进出口有限公司2020年校园招聘  发布日期：2020-04-19  浏览次数：84  投递简历     单位简介：  中国电子进出口有限公司（CEIEC）成立于1980年4月，是中国电子信息产业集团（CEC）下属的公司。CEIEC的战略重点立足于打造防务系统集成、公共安全集成、海外工程集成、贸易服务集成四大主业。CEIEC具有国际贸易、国际工程总承包、招标代理、对外劳务合作、展览广告等多种业务的甲级经营资质。  招聘文本：   中国电子进出口有限公司 2020 年校园招聘  一、公司简介   中国电子进出口有限公司（ CEIEC ）成立于 1980 年 4 月，是中国电子信息产业集团（ CEC ）下属公司。  CEIEC的战略重点立足于打造防务系统集成、公共安全集成、海外工程集成、贸易服务集成四大主业。 CEIEC 具有国际贸易、国际工程总承包、招标代理、对外劳务合作、展览广告等多种业务的甲级经营资质。       序号    岗位    专业    学历    工作地点    人数      1    商务助理     法语    本科及以上    北京 / 国外    2      2    计算机、电子通信    2      3    财务助理    会计、财务管理    硕士及以上    3      4    助理技术支持工程师    计算机、电子通信    北京    2      5    市场营销助理    平面设计 / 电子通信    本科及以上    6      6      射频工程师    计算机、软件工程、电子信息    硕士及以上    成都    4      7    信号处理工程师    计算机、软件工程、电子信息    4      8    软件工程师    计算机、软件工程、电子信息    4      9    算法工程师    计算机、软件工程、电子信息    4      10    售前工程师    计算机、软件工程、电子信息    2      11    产品工程师    计算机、软件工程、电子信息    2      总计    35       二、简历投递  1 、邮箱： zhaopin@ceiec.com.cn  投递邮件标题为：应聘岗位 + 姓名 + 学历 + 专业 + 院校 三、福利待遇  公司基于保障 + 激励的薪酬体系，为毕业生提供良好的收入预期。同时，在住房、医疗、饮食、健康、休闲娱乐等方面提供全方位的系统解决方案。  1. 餐饮住宿：工作日三餐、员工宿舍  2. 健康保险：社保五险、补充医疗保险、意外伤害保险、年度健康体检  3. 其他福利：带薪年假、年节礼品、通讯补贴、企业年金、体育设施等  四、联系我们  公司官网： www.ceiec.com.cn   公司地址：北京市海淀区复兴路 17 号国海广场 A 座新中电大厦  四川省成都市高新区萃华路 89 号成都国际科技节能大厦 A 座 25 层    ,20/04/2020
http://www.yingjiesheng.com/job-004-597-071.html,新城控股,,,20/04/2020
http://www.yingjiesheng.com/job-004-597-071.html,新城控股,,,20/04/2020
http://www.yingjiesheng.com/job-004-597-062.html,诺力昂化学品,,,20/04/2020
http://www.yingjiesheng.com/job-004-597-062.html,诺力昂化学品,,,20/04/2020
http://www.yingjiesheng.com/job-004-597-050.html,日立电梯,,,20/04/2020
http://www.yingjiesheng.com/job-004-597-035.html,正中投资集团有限公司,2020校园招聘,,20/04/2020
https://url.yingjiesheng.com/hgcoc4,津投资本,,,20/04/2020
http://www.yingjiesheng.com/job-004-596-921.html,南京华晟医学检验实验室有限公司,2020招聘,                                                        ,20/04/2020
http://www.yingjiesheng.com/job-004-596-793.html,广东省东莞市质量监督检测中心,2020校园招聘, 广东省东莞市质量监督检测中心招聘信息 发布时间：2020-04-20   来源：广东省东莞市质量监督检测中心   编号： 基本信息： 招聘对象： 本科生  研究生  专科生 职位类别： 招聘职位： 详见招聘简章 招聘专业： 详见招聘简章 招聘人数： 详见招聘简章 月薪范围： 暂不公布 工作地区： 招聘联系人： 张小姐 联系人电话： 0769-23077292 联系邮箱： zhaopin@gddqt.com 有效期： 2020-04-20 ―― 2020-05-20 简历接收方式： 简历接收要求：  请以“应聘职位  姓名  毕业学校  专业  高校人才网”为主题发送简历 至邮箱： zhaopin@gddqt.com  招聘简章/岗位要求：  一、 公司简介    广东省东莞市质量监督检测中心（以下简称 “东莞质检中心”）成立于 1987 年，注册资金达 2.4 亿元，实验室面积超过 72000 平方米，拥有 3200 多台套高精尖科研仪器设备，具备 2300 类产品的检测能力，已建成信息技术设备、纸制品、半导体光源产品、模具及智能加工装备共五个国家级检验中心，食品、珠宝首饰、光电产品、太阳能产品、家具、信息传输线缆、服装、毛织品、包装、塑料皮革、文教体育用品、生态家居产品、电子信息配件、智能制造装备共十四个省级检验站，是国家科研创新和质量基础平台。多年来，东莞质检充分发挥检验检测公共服务平台作用，坚持以科学评定质量、以匠心坚守底线，带领着一支以科技领军人才为核心的高素质团队全天候捍卫产品质量安全，在企业和市场间传递信任，提升企业的质量竞争力，服务产业高质量发展，为政府质量监督、企业质量管理、地方经济发展提供了强有力的技术支撑，积极助力全民提升质量意识，为品质生活保驾护航。       二、 招聘信息        序号      岗位名称      需求人数      岗位职责      学历要求      专业要求      其他        1      策划专员      1      市场营销方案策划、自媒体运营管理      本科及以上      文科类，中文、管理专业      1 年以上工作经验，有 C1 驾照者优先        2      政务专员      3      政务营销任务      本科及以上      客户关系管理、市场营销、工商管理      2 年及以上销售经验者优先， C 级以上驾照        3      政务助理      2      政务业务管理      本科及以上      项目管理、数理统计及图书馆      有 PMP 资格或中级以上职称者优先        4      高级专员      2      开拓大型企业、高校、研究机构目标客户      本科及以上      机电一体、机械自动化      有机器人、机床、自动化设备专业知识        5      质量监督员     （食品与消费品）      1      实施质量监控计划      本科及以上      理工科相关专业      质量或化学类工程师以上职称； 8 年以上检测实验室工作经验，含 3 年以上实验室管理工作经验；        6      色谱检验组检验工程师      2      承担色谱检验组的检验任务      本科及以上      化学分析或食品类      硕士及相关经验优先        7      光谱检验组技术主管      1      光谱组领域检务的具体落实      硕士研究生      化学分析      熟悉光谱类大型仪器分析技术        8      微生物检验工程师      2      承担微生物组的检验任务      本科、硕士研究生      医学或卫生检验、生物类、微生物学      掌握微生物检测的专业知识        9      食品理化检验工程师      1      承担食品理化组的检验任务      本科及以上      化学或食品类      掌握食品理化检测的专业知识        10      服装检验工程师      1      承担纺织服装检验组的检验任务      硕士研究生      纺织工程、化学、纺织染整      熟悉纺织服装成分检测技术；        11      纸制品检验工程师      1      承担纸制品检验任务      本科及以      制浆造纸、印刷      初、中、高级都可以        12      食品理化检验工程师      1      承担食品理化组的检验任务      本科及以上      化学或食品相关      食品理化检验经验优先        13      消费品化学检验工程师      1      承担消费品化学检验任务      本科及以上      化学分析      掌握色谱检验检测的专业知识        14      快检工程师      1      承担快检组的检验任务      本科及以上      化学、生物或医学类      熟悉农贸市场快检的专业知识        15      化工建材检验工程师      1      承担化工建材组的检验任务      本科及以上      化学类或建材类专业      掌握化工建材检测的专业知识        16      半导体光源检验工程师      1      开展照明电器等检测工作      本科及以上      照明电器、光电、电子信息、电气、机电等理工科专业      照明灯具类第三方实验室经验 5 年以上；能阅读英文文献        17      半导体光源检验室检验工程师      1      开展照明电器领域的认证（ CCC/CQC/CE/CB ）      本科及以上      照明电器、光电、电子信息、电气、机电等理工科专业      照明灯具类第三方实验室经验 5 年以上        18      半导体光源检验室检验员      2      开展电线电缆、电器附件等检验      本科及以      线缆专业      电线电缆第三方检验检测        19      智能加工装备检验工程师      1      智能加工装备测试      本科及以上      机械及自动化、机械设计制造、工业电气自动化、机电      数控机床、非标自动化研发或验证经验 5 年以上        20      智能加工装备检验室副部长      1      管理以国家智能加工装备质检中心为主体、智能制造装备省站      博士或以上 / 高级职称或以上      机电一体化、自动控制、机械工程、智能制造等方向专业      有装备类检验检测与研发工作行业从业经验优先；能熟练听说写读英文文献        21      信息技术检验工程师      1      承担信息产品认证      本科及以      电子信息、机电等理工科专业      IT/AV 类产品的第三方检验检测机构经验 5 年以上        22      综合组文员     （电子电器检验部）      1      文员工作      专科及以上      理工科或文秘专业      熟练使用 OFFICE 等计算机办公软件        23      综合文秘      1      战略研究及实施管理、新闻媒体对接宣传策划      硕士研究生      行政管理、工商管理等管理学相关专业      应届毕业生        24      设备管理员（采购）      1      仪器设备采购、设备溯源参数编制、设备验收。      硕士及以上学历      测控技术及仪器仪表、自动化专业      有检测仪器设备校准或管理经验者优先        25      设备管理员（溯源）      1      供应商评价，编制计划组织仪器设备溯源、验收、建档      本科及以上      测控技术及仪器仪表、自动化      １０年以上经验，硕士可放宽；有检测仪器设备校准或管理经验者优先        26      设备维修高级专员      1      仪器设备故障分析、维修、管理      硕士以上      机电工程、自动化专业      有检测仪器设备维修和管理经验者优先          三、 招聘流程    请以 “应聘职位  姓名  毕业学校  专业  高校人才网”为主题发送简历至邮箱： zhaopin@gddqt.com      四、 联系方式    1. 联系人：张小姐    2. 联系电话： 0769-23077292    3. 联系地址：广东省东莞市松山湖科技产业园区工业南路 2 号  (编辑:超级管理员2),20/04/2020
http://www.yingjiesheng.com/job-004-596-803.html,华润三九医药股份有限公司,2020招聘,"  招聘信息     标题  华润三九医药股份有限公司招聘  招聘截止日期  2020-07-01    应聘网址  linxi21@999.com.cn  简历投递邮箱  linxi21@999.com.cn    单位介绍：    华润三九医药股份有限公司（简称“华润三九”）是大型国有控股医药上市公司，股票代码000999，隶属于中央企业、世界五百强（86位）华润集团，是国务院国资委中药整合平台，2018年营业额134亿元。华润三九主要从事医药产品的研发、生产、销售及相关健康服务，总市值稳定保持在医药行业上市公司前列。华润三九总部位于深圳，目前有员工1.5万人，下属二十家生产企业，团队遍布全国各地。华润三九主营业务为OTC和中药处方药，OTC核心产品在感冒、胃肠、皮肤、儿科、止咳和骨科用药占据了较高的市场份额，999是中国OTC第一品牌；处方药产品在中药配方颗粒、心脑血管、抗肿瘤、抗感染等领域，位居国内市场前列。    招聘简章：     公司简介  华润三九医药股份有限公司是世界 500 强华润集团一级利润中心，大型国有控股医药上市公司。公司核心业务定位非处方药（ OTC ）和中药处方药，是中国 OTC 第一品牌。 OTC 产品在感冒、胃肠、皮肤、儿科、止咳和骨科用药占据了较高的市场份额；处方药产品在中药配方颗粒、心脑血管、抗肿瘤、抗感染、大健康等领域，位居国内市场前列。  在全国上下一心抗击疫情狙击战中，华润三九勇承央企担当，向社会驰援了参附注射液、三九抗病毒口服液、三九中药配方颗粒等药品及物资，相关生产企业全面落实紧急部署，优先组织防疫品种的生产，全力保障疫情应急药品的供应。在防疫的战场上，我们共克时艰！    招聘流程  Step1投递简历—— Step2 在线测评—— Step3 远程面试—— Step4 电子签约    招聘岗位      岗位类型    方向    专业要求    工作地点      营销管培生    自我诊疗方向    不限    深圳及全国      配方颗粒 / 处方药 / 抗感染方向    （中）药学相关    深圳及全国      生产技术岗    工艺技术方向    药学、制药相关    深圳、合肥、顺峰、本溪、桂林、杭州、郴州      设备技术方向    机电、化工相关      研发岗    中药方向    中药学相关     深圳、丽水、  淮北、顺峰等      化药方向    药学、药物分析相关      财务管理    财务管理    财务、会计相关    深圳      IT 岗    信息安全、软件开发、 AI 、 UI    计算机、信息化相关    深圳        薪酬福利  ？ 富有竞争力的薪酬水平，年薪 10-20 万，五险一金、补充商业保险、企业年金。  ？ 免费公寓 / 住房补贴，员工餐厅及餐饮补贴、上下班交通车、健康体检及健身福利、节日福利等。  ？ 享受深圳市及龙华区入户补贴（合计本科 3 万、硕士 5 万、博士 6.5 万）、以及优秀青年人才补贴（本科 3 万、硕士 20 万、博士 28 万）、通过公司申请深圳公租房等。    人才发展  ？ 公司建立完善的课程体系、讲师体系、教练体系，任职资格课程帮助员工提升专业能力；领导发展课程提升领导力；“传帮带”的教练文化帮助新员工更好地适应组织和团队，提升业务能力。  ？ 公司通过系统的岗位体系设计，为员工提供纵向 / 横向的发展通道。员工可以在管理通道、非管理通道中选择合适的发展路径，也可以通过内部人才市场或轮岗交流，获得更全面的能力和经验。     招聘附件:                职位(1):营销方向管培生",20/04/2020
http://www.yingjiesheng.com/job-004-596-733.html,上海战诚电子科技股份有限公司,2020招聘,,20/04/2020
http://www.yingjiesheng.com/job-004-596-674.html,杭州华澜微电子股份有限公司,2020校园招聘," 杭州华澜微电子股份有限公司 作者： 杭州华澜微电子股份有限公司  日期：2020年04月17日16:47 分享到：   杭州华澜微电子股份有限公司  招聘简章  公司简介：  杭州华澜微电子股份有限公司，成立于2011年7月，总部位于杭州，由一支在美国硅谷经过锤炼的技术团队创建，公司专业从事数据存储和信息安全的核心技术研究，提供数据存储和信息安全领域的集成电路芯片和技术方案，是我国唯一拥有全系列数码存储控制器芯片的高科技公司。  目前，华澜微已经成为国内顶尖的存储及安全存储控制器芯片、模组及系统提供商，中国第一个SSD控制器产业化的公司；国内信息安全存储领域芯片龙头企业；公司积累和掌握了IEEE1394、SD/MMC/eMMC、USB、IDE/SATA、SAS、PCIe等高速接口技术，建立起了固态硬盘多核并行、模块阵列等多个先进架构，是国际上少数拥有固态硬盘核心芯片产业化技术的公司之一。公司在存储领域的产品，覆盖了存储卡、USB盘、固态硬盘系列、阵列卡。华澜微积累了经过市场验证的成熟硬件算法模块，包括国际流行的AES,RSA,DES/3DES,SHA,ECC等，以及中国商密算法SM1,SM2,SM3,SM4。公司具有国家商用密码产品定点生产单位资质、销售资质，部分产品通过了美国NIST认证、FIPS认证。  华澜微产品已经广泛应用于工业控制、个人消费、航空航天、测量装备等。华澜微将秉承“激情创新、用心造芯”的企业精神，立足拥有自主知识产权的集成电路芯片的坚实基础，依靠技术优势，不断提升产品品质，为客户创造更多价值，打造引领数据存储和信息安全产业的中国高科技企业  在中国集成电路芯片进口超过石油、铁矿石的今天，华澜微是极少数以中国芯片逆向出口全世界的集成电路设计公司，全球最著名的硬盘公司希捷、东芝、联想都是华澜微的客户。  公司诚聘有志为中国的数码存储产业和集成电路设计产业贡献自己聪明智慧的战士，加入华澜微的队伍，站在世界数码存储和数码安全技术的前沿，激荡起中华之波澜！      招聘岗位：(专业不限)    一、ASIC设计工程师（2人）  1.要求研究生学历；  2.精通数字电路逻辑和Verilog/systemverilog编程语言；  3.具有较好的英语读写听说能力；  4.要求有责任心，主观能动性，理解能力，表达能力强。    二、ASIC验证工程师（5人）  1.要求本科及以上学历；  2.熟悉systemverilog语言；  3.熟悉ASIC验证流程；  4.具有较好的英语读写听说能力。    三、FIRMWARE ( 固件)工程师 杭州/深圳 （5人）  1. 熟悉C/C编程语言；  2.熟悉单片机/嵌入式开发；  3.要求有责任心，主观能动性，理解能力，表达能力强。    四、软件工程师（ 3 人）  1.本科及以上学历，电子信息、计算机、软件相关专业；  2.熟悉C/C编程、常用数据结构；了解C编程设计模式；  3.熟悉Windows操作系统原理、消息机制；  4.熟悉MFC框架，熟悉使用VistualStudio。    五、应用工程师（3人）  1.本科及以上学历；  2.熟悉C语言、计算机硬件结构；  3.要求动手能力较强。    六、技术支持（FAE）杭州/北京（5人）  1.本科以上学历；  2.熟悉C语言，熟悉电路原理图；  3.要求表达与沟通能力较强。    七、硬件工程师（2人）  1.本科及以上学历，电子及相关专业；  2.熟悉硬件电路，能够独立完成原理图设计、PCBlayout设计；  3.熟悉硬件调试工具。      五险一金  带薪年假  定期团建  节日福利  想知更多联系电话：0571-83862288转8003 15925621218 许女士  简历投递邮箱： hr@sage-micro.com.cn  或 15925621218 @ 163. com   工作地点：  中国-浙江省-杭州,中国-广东省-深圳    行业类别：  信息传输、软件和信息技术服务业    单位性质：  其他企业 ",20/04/2020
http://www.yingjiesheng.com/job-004-596-622.html,北京红云融通技术有限公司,2020招聘,,20/04/2020
http://www.yingjiesheng.com/job-004-596-500.html,陕西华燕航空仪表有限公司,2020校园招聘,     陕西华燕航空仪表有限公司  有效期： 2020-07-19 发布日期： 2020-04-19           单位所在地： 陕西省西安市   招聘说明： 特别提示：同学们在应聘时，如遇到用人单位“收取押金/扣押证件/收取任何费用”以及提出不正当面试要求等不规范招聘的情况，请立刻中止应聘，并将该情况告知就业指导中心（62332010）或学院就业专任教师。第三方机构未经我校允许擅自转载或变更信息未能及时更新及提醒毕业生，导致相关后果的，学校不承担相关责任。   学校推荐意见： 登录后可见   单位简介   陕西华燕航空仪表有限公司（西安分公司） 公司简介 陕西华燕航空仪表有限公司（国营第一四一厂）是具有五十年历史的国有大中型军工高新技术企业，隶属于中国航空工业集团有限公司机载系统有限公司。 秉承航空工业集团公司、机载公司的发展战略，公司深耕惯性技术，专业化、系列化的惯性导航系统和航姿系统、陀螺仪、加速度计、电磁元件产品，广泛配套于航空、航天、兵器、船舶、通讯等领域，为国防武器装备发展做出了突出贡献。 公司现拥有陕西西安、汉中两大基地，西安基地位于西安国家民用航天产业基地（即陕西华燕航空仪表有限公司西安分公司），占地面积90亩，建筑面积6万平方米，以产品研发、市场开发、产品总装试验为主；汉中基地位于汉中市经济技术开发区南区，占地面积200余亩，以精密机械加工、特种加工为主。构建了“两地运行、一体化管控”的跨区域运行模式。 公司现有职工1000余人，拥有一支门类齐全的专业技术人才及一批技术精湛的高级技能人才队伍，公司高度重视人才队伍建设，建立了技术带头人、技能带头人队伍，完善高技术、技能人才成长晋升通道，采取专业化培训、导师制培养，用心呵护员工成长，努力营造有利于人才成长的体制、机制和环境。 面向十三五，公司开启第三次创业的崭新征程，积极推进企业转型升级与变革，在做强、做优、做精惯性技术的同时，着力推进跨专业、跨领域发展，担当进取、创新创业，不断提升企业综合实力，坚定航空报国初心、笃行航空强国使命，为建设国内一流、国际领先的惯性技术领域专业化供应商而努力奋斗！ 欢迎各位优秀学子加盟航空工业华燕。 公司地址 西安基地：陕西西安国家民用航天产业基地航天南路618号 邮政编码：710100 汉中基地：陕西省汉中市南郑区大河坎镇迎宾路16号 邮政编码：723102 联系人：李女士（15591609291） 李先生（13630200859） 办公电话：0916-5309475 电子邮箱： avic_huayanhr@163.com     注意：请务必将个人简历投递到指定邮箱，并注明姓名-学历-毕业院校-专业-应聘职位   企业招聘岗位 序号 岗位名称◆ 招聘部门 招聘人数◆ 工作性质◆ 学历要求 （及以上） 工作经验 年龄要求 工作地点◆ 薪资区间◆ 岗位职责 任职条件 其他要求 1 系统设计员 军品研究所 10 全职 硕士研究生（全日制） 不限 30 岁以下 陕西省西安市 8-10K 导航系统产品设计及领导安排的其他研发工作 1. 导航制导与控制、控制理论与控制工程、仪器仪表工程、通信工程、电子信息工程、自动化、控制工程、及其他制导控制类相关专业； 2.重点院校成绩排名在前2/3，普通一本院校成绩排名在前1/3； 3.诚实守信、严谨踏实、敬业负责、勇于担当，具有良好的沟通协调能力。 身体健康，吃苦耐劳 2 电路设计员 军品研究所 10 全职 硕士研究生（全日制） 不限 30 岁以下 陕西省西安市 8-10K 电路设计及领导安排的其他研发工作 1. 集成电路工程、电子与通信工程、信号与信息处理、通信与信息系统、及其他电子类相关专业 2.重点院校成绩排名在前2/3，普通一本院校成绩排名在前1/3； 3.诚实守信、严谨踏实、敬业负责、勇于担当，具有良好的沟通协调能力。 身体健康，吃苦耐劳 3 软件设计员 军品研究所 10 全职 硕士研究生（全日制） 不限 30 岁以下 陕西省西安市 8-10K 软件设计及领导安排的其他研发工作 1. 计算机科学与技术、软件工程、其他计算机类或电子类相关专业； 2.重点院校成绩排名在前2/3，普通一本院校成绩排名在前1/3； 3.诚实守信、严谨踏实、敬业负责、勇于担当，具有良好的沟通协调能力。 身体健康，吃苦耐劳 4 结构设计员 军品研究所 10 全职 硕士研究生（全日制） 不限 30 岁以下 陕西省西安市 8-10K 结构设计及领导安排的其他研发工作 1. 机械制造及自动化、机械电子工程、机械设计制造及其自动化、及其他相关专业； 2.重点院校成绩排名在前2/3，普通一本院校成绩排名在前1/3； 3.诚实守信、严谨踏实、敬业负责、勇于担当，具有良好的沟通协调能力。 身体健康，吃苦耐劳 5 光纤陀螺设计员 光纤部 10 全职 硕士研究生（全日制） 不限 30 岁以下 陕西省西安市 8-10K 光纤陀螺设计及领导安排的其他研发工作 1. 光学、光信息科学与技术、光电信息工程、及其他相关专业； 2.重点院校成绩排名在前2/3，普通一本院校成绩排名在前1/3； 3.诚实守信、严谨踏实、敬业负责、勇于担当，具有良好的沟通协调能力。 身体健康，吃苦耐劳 6 微特电机设计员 电机部 10 全职 硕士研究生（全日制） 不限 30 岁以下 陕西省西安市 8-10K 电机产品设计及领导安排的其他研发工作 1. 电机与电气、电气工程及其自动化、及其他相关专业； 2.重点院校成绩排名在前2/3，普通一本院校成绩排名在前1/3； 3.诚实守信、严谨踏实、敬业负责、勇于担当，具有良好的沟通协调能力。 身体健康，吃苦耐劳 7 电子装配 工艺员 总装中心 10 全职 本科（全日制） 不限 30 岁以下 陕西省西安市 6-8K 编制产品装配工艺规程，指导技能工人完成产品装配 1. 电子科学与技术、电子信息工程、通信工程、及其他电子类相关专业； 2.重点院校成绩排名在前2/3，普通一本院校成绩排名在前1/3； 3.诚实守信、严谨踏实、敬业负责、勇于担当，具有良好的沟通协调能力。 身体健康，吃苦耐劳 8 机械加工工艺员 精密制造中心 10 全职 本科（全日制） 不限 30 岁以下 陕西省汉中市 6-8K 编制产品机加工艺规程，指导技能工人完成产品机械加工 1. 机械设计及制造及其自动化、机械电子工程、及其他相关专业； 2.重点院校成绩排名在前2/3，普通一本院校成绩排名在前1/3； 3.诚实守信、严谨踏实、敬业负责、勇于担当，具有良好的沟通协调能力。 身体健康，吃苦耐劳 9 元器件检测分析技术员 元器件检测分析中心 10 全职 本科（全日制） 不限 30 岁以下 陕西省西安市 6-8K 元器件测试方法研究，包括开发测试程序（C语言） 1. 电子科学与技术、微电子学与固体电子学及其他相关专业； 2.重点院校成绩排名在前2/3，普通一本院校成绩排名在前1/3； 3.诚实守信、严谨踏实、敬业负责、勇于担当，具有良好的沟通协调能力。 身体健康，吃苦耐劳   （1）公司简介 陕西华燕航空仪表有限公司（国营第一四一厂）是具有五十年历史的国有大中型军工高新技术企业，隶属于中国航空工业集团有限公司机载系统有限公司。 秉承航空工业集团公司、机载公司的发展战略，公司深耕惯性技术，专业化、系列化的惯性导航系统和航姿系统、陀螺仪、加速度计、电磁元件产品，广泛配套于航空、航天、兵器、船舶、通讯等领域，为国防武器装备发展做出了突出贡献。 公司现拥有陕西西安、汉中两大基地，西安基地位于西安国家民用航天产业基地，占地面积90亩，建筑面积6万平方米，以产品研发、市场开发、产品总装试验为主；汉中基地位于汉中市经济技术开发区南区，占地面积200余亩，以精密机械加工、特种加工为主。构建了“两地运行、一体化管控”的跨区域运行模式。 公司现有职工1000余人，拥有一支门类齐全的专业技术人才及一批技术精湛的高级技能人才队伍，公司高度重视人才队伍建设，建立了技术带头人、技能带头人队伍，完善高技术、技能人才成长晋升通道，采取专业化培训、导师制培养，用心呵护员工成长，努力营造有利于人才成长的体制、机制和环境。 面向十三五，公司开启第三次创业的崭新征程，积极推进企业转型升级与变革，在做强、做优、做精惯性技术的同时，着力推进跨专业、跨领域发展，担当进取、创新创业，不断提升企业综合实力，坚定航空报国初心、笃行航空强国使命，为建设国内一流、国际领先的惯性技术领域专业化供应商而努力奋斗！ 欢迎各位优秀学子加盟航空工业华燕。 公司地址 西安基地：陕西西安国家民用航天产业基地航天南路618号 邮政编码：710100 汉中基地：陕西省汉中市南郑区大河坎镇迎宾路16号 邮政编码：723102 需求岗位 研发设计类：系统设计员、电路设计员、结构设计员、软件设计员； 工艺类：电子装配工艺员、机械加工工艺员； 面向专业 机械工程学院：机械设计制造及其自动化、机械电子工程、机械工程； 光电工程学院：电子科学与技术、光电信息科学与工程、测控技术与仪器、测控科学与技术、光学工程、仪器仪表工程、微电子学与固体电子学； 电气工程学院：电气工程及其自动化、电气工程、控制工程 微电子与通信工程学院：通信工程、电子信息工程、信息与通信工程、集成电路工程、电子科学与技术、集成电路设计与集成系统、电子与通信工程。 宣讲会时间 2019 年9月21日 16：20-18：20 重庆大学A区328室 简历投递方式 联系人：李女士（15591609291） 电子邮箱： avic_huayanhr@163.com            ,20/04/2020
http://www.yingjiesheng.com/job-004-596-469.html,广州通达汽车电气股份有限公司,2020校园招聘, 发布：发布：广州通达汽车电气股份有限公司   审核人：wuhang   发布时间：2020-04-1915:14:30,20/04/2020
http://my.yingjiesheng.com/job_1003489.html,新兴发展集团有限公司,,,20/04/2020
http://my.yingjiesheng.com/company_6870093.html,苏州市易德龙电器有限公司,,,20/04/2020
http://my.yingjiesheng.com/job_1003515.html,相聚资本管理有限公司,,,20/04/2020
http://my.yingjiesheng.com/job_1003522.html,苏州首创嘉净环保科技股份有限公司,,,20/04/2020
http://my.yingjiesheng.com/job_1003536.html,深圳传音控股股份有限公司,,,20/04/2020
http://my.yingjiesheng.com/job_1003535.html,郑州交通运输集团有限责任公司,,,20/04/2020
http://my.yingjiesheng.com/job_1002530.html,希恩国际货运代理(上海)有限公司,,,20/04/2020
http://my.yingjiesheng.com/job_1002860.html,中核能源科技有限公司,,,20/04/2020
http://www.yingjiesheng.com/job-004-596-466.html,大家保险集团,,,20/04/2020
http://www.yingjiesheng.com/job-004-596-453.html,浙江物产金属集团有限公司,2020校园招聘|2021暑期实习生招聘, »详情   浙江物产金属2020春招及实习招聘       单位性质： 未知  单位行业： 未知  单位规模： --请选择--    宣讲时间： 2020-04-2015:00(周一)  宣讲学校： 重庆大学  宣讲类别： 空中宣讲     空中宣讲入口   信息来源：重庆大学毕业生就业信息网 温馨提示：为防讯息临时变动，参会前可联系宣讲会举办方确认。     宣讲会详情  单位简介    浙江物产金属集团有限公司 2020年校园春招及2021届“启明星”暑期实习生计划   【抖音空中宣讲会】 主题：2020年校园春招及2021届“启明星”暑期实习生招聘 时间：4月20日15:00 关注方式：打开抖音，关注@物产金属招聘，或搜索“春招”， 进入“抖音直播春招会”-浙江专场进行预约。 【公司简介】 世界500强、大平台 浙江物产金属集团有限公司成立于1963 年，于 2003年改制为国 有控股型企业，是物产中大集团股份有限公司的核心成员企业。母公 司于2019年位居世界500强249位，是中国最大的大宗商品流通服 务集成商之一、浙江省政府直属最大的国有企业，已于2015年完成整体上市。 业绩卓越、多元发展 公司以大宗商品流通为主（主要包括钢铁、铁矿、煤炭、石油、 木材等），酒店经营、投融运营、资产管理、物业租赁等多元业务为  补充，总部位于杭州，在国内以及全球拥有子公司约 50 家，与 70多个国家有业务往来，2019年公司完成营业收入超1000 亿元，利润连 创历史新高。 行业领军、管理领先 公司经营规模、经济实力、经济效益已连续20多年位居全国金 属材料流通行业领先者地位，是特大型钢材流通企业，连续多年被评  为中国金属材料流通行业领军企业。公司以绩效理念为核心，建立了 先进的员工积分卡、动态股权等高效考核激励机制，倡导人的协作、组织协同、资源共享，依托管理支撑、区块链系统服务、现期结合、 数字化服务四大平台，让团队和个人的价值输出在组合效应里达到最 大化。 【职位信息】-以公司官网最新动态为准 1、业务类岗位 ? ?大宗商品贸易（杭州、宁波、台州、广州、佛山、武汉、 成都、重庆、西安等） ? ? 大宗商品国际贸易（杭州及海外） ? ? 大宗商品现期交易（杭州） 2、研究类岗位 ? ? 战略研究（杭州） ? ? 黑色行业研究（杭州） 3、综合管理类岗位 ? ? 法务（杭州） ? ? 人力资源管理（杭州） ? ? 财务管理（杭州） ? ? 资金管理（杭州）  审计风控（杭州） ? ? 物流管理（杭州） ? ? 客户管理（杭州） ? ? 期货交易风险管理（杭州） 4、技术类岗位 ? ? 软件开发工程师（杭州） 【薪酬待遇】 1 、全行业领先的薪酬水平： 基本工资绩效奖金股权激励 管理培训生17K/月，其他岗位按照绩效考核定薪骨干员工持股，享受高分红 精英员工5-8年有机会拿到百万年薪 2 、完善的社会保障体系： 八险二金：除高标准的五险一金外，公司额外提供补充医疗保险、 保障险、财产险、企业年金等，构筑全方位、高水平保障体系。 3、福利大礼包： 餐饮补贴、租房补贴等四项补贴、过节费、带薪年假、年度体检、 员工疗养、生日慰问等六项慰问、秋送助学、冬送温暖、关爱基金、文体俱乐部、公司图书馆等超20项福利。 【2020  届春季校园招聘】 针对 2020 届毕业生 ，因处于春季补招阶段，岗位变动较快，请以公司官网为准。  【2021届“启明星”暑期实习生计划】 主要针对 2021 届毕业生 ，是公司倾力打造的大宗商品精英培养 与职场锻炼直通校招的暑期实习生项目。对成功申请的同学，在实习  期间接受先进的管理与经营模式、大宗商品贸易实务、行业研究与现  期结合等知识的系统培训，以及职业导师传帮带和实岗锻炼。通过客  观公正的考察，实习表现优秀的同学，可获得“暑期直通卡”，直达 秋季校园招聘终面。 启明星计划的报名在5 月末截止，在 5月中旬至6月中旬陆续安 排面试，在7-9月安排为期1-2个月的实习，于10月发放直通卡、安排终面并发放offer。 【简历投递】 登录公司官网 www.zmmc.com.cn 进入“加入我们”-“招聘动态”-“网上申请” 【联系我们】 联系方式：0571-87063103/85271120 联系人：刘老师，由老师         ,20/04/2020
http://www.yingjiesheng.com/job-004-596-427.html,千里马机械供应链股份有限公司,2020校园招聘," 招聘公告»详情   千里马供应链2020年校园招聘       工作城市： 湖北省,重庆市,广西  发布日期： 2020-04-1909:08    收藏   信息来源： 武汉轻工大学就业信息网 温馨提示：求职需提高谨慎，辨别信息真伪，勿上当受骗。     详情    千里马机械供应链股份有限公司(证券代码：833704)创立于2002年，于2015年10月登陆“新三板”，是中国工程机械首绿色供应链赋能服务平台，致力于为工程机械客户提供设备全生命周期系统解决方案，是工程机械服务领域互联网转型升级的创领者。官网： www.sevalo.com 千里马总部位于武汉，旗下拥有20多家控股子公司，近百家直营门店，分布在湖北、新疆、四川、广西、山西、重庆以及哈萨克斯坦和乌兹别克斯坦，直接客户超过3万多家。千里马在快速发展的同时，始终拥有一份绿色信仰，肩负起工程机械循环经济发展的使命。作为千里马绿色供应链的重要支点，千里马全资子公司千里马工程机械再制造有限公司于2009年12月跻身国家工业和信息化部“机电产品再制造试点单位”；2010年1月跻身国家发改委第5批“循环经济和环境保护试点项目”；2013年被列入国家高技术研究发展计划（“863”计划），千里马再制造是中国业内唯一一家同时获得三部委重点扶持的再制造试点企业，是工程机械循环经济领域的典范。千里马在整合供应链资源的同时逐步完善品牌战略，2015年8月“SEVALO”荣获中国驰名商标，成为中国工程机械服务领域唯一的中国驰名商标。 『员工福利』 1 、餐饮福利：公司为员工提供免费午餐。 2 、住房福利：公司为员工提供2人间宿舍（空调、电视、热水器、洗衣机等配置齐全）。 3 、交通福利:湖北园区每天安排班车接送员工上下班；并为驻外工作员工报销探亲路费或家属探亲补助。 4 、带薪培训：以上所有岗位均在武汉总部带薪培训3个月。 5 、五险一金：公司为全体员工购买五险一金。 6 、带薪休假：入司满一年的可于次年享受带薪年休假。 7 、节日福利：春节、端午、中秋等传统节日为全体员工发放节日物资或补贴。 8 、员工大事福利：当员工逢婚、育等个人大事时，公司给予员工礼金或慰问金。 9 、健康体检：每年由公司统一组织健康体检。 10 、为驻外高级管理人员配偶及子女提供生活补助、住宿补助。 邮箱： wangdan@sevalo.com  联系人：王经理027-83211678/15527279497 职位名称 人员数量 学历要求 岗位要求 软件工程师 4 本科 1 、至少一年以上J2EE编程经验，熟悉JAVA,J2EE,SQL,HTML,Struts,Spring,Hibernate,AJAX等技术； 2、具有良好的沟通组织能力，有责任心和团体意识，具备良好的抗压能力。 大数据工程师 2 本科 1 、有J2EE、SpringCloud、python开发经验，数据挖掘、机器学习相关经验者优先； 2、具有良好的分析和解决问题能力，对攻关疑难问题具有浓厚兴趣对新技术有钻研精神； 3、具备良好的抗压能力。 跨境电商专员 4 本科 1 、俄语听说读写能力优秀，英语CET4以上，有跨境电商实习经验优先； 2、优秀的执行力、沟通交流能力，良好的结果导向意识和抗压能力； 3、能够适应项目出差。 平面设计 1 本科 1 、熟练运用Photoshop、Illustrator、CorelDraw等设计软件； 2、熟悉平面设计要素，拥有良好的平面视觉传达及控制能力，有较高的审美观能力； 3、优秀的执行力、沟通交流能力，良好的结果导向意识和抗压能力。 财务管理岗 5 本科 1 、工作认真负责，严谨细致，具备良好的服务意识； 2、具备良好的沟通表达能力，团队协作能力和抗压能力。 算法工程师 2 本科/硕士 1 、熟悉Linux下软件开发，掌握至少一种开发语言(python/C/java/等)，熟悉至少一种机器学习框架(TensorFlow/PyTorch/Keras/Scikit-learn等)； 2、熟练掌握常见的机器学习算法如深度神经网络、分类、聚类等算法； 3、具有较强的学习能力，良好的英语阅读、沟通能力及团队协作精神。 爬虫工程师 2 本科/硕士 1 、熟悉Mysql等至少一种关系型数据库，熟悉Redis、MongoDB等数据库者优先； 2、熟悉Falsk/Tornado/Django/Laravel等Web开发框架者优先及数据挖掘、自然语言处理、信息检索、机器学习等技术者优先；， 3、能熟练使用Python、PHP等语言开发,掌握多线程，多进程,有一定的app逆向能力； 4、能够独立分析大型网站页面结构，并完成所需数据的爬取、分析、筛选、储存功能。 前端工程师 2 本科 1 、熟悉HTML、CSS，有扎实的JavaScript基础； 2、熟悉Ajax技术、HTTP协议、Vue或其他主流框架、Git，实现前端与后台的异步请求； 3、热爱技术，善于沟通，有一定的分析问题、解决问题的能力和较强的抗压能力。 后端工程师 1 本科 1 、熟练使用PHP/Python/Java/GO任意两门语言； 2 、熟悉MySQL，redis等使用； 3 、熟悉elasticsearch等搜索框架的使用； 4 、有一定的前端开发能力，熟练使用javascript，熟悉VUE等前端框架。 Android 开发工程师 2 本科 1 、良好的Java语言基础、精通Android开发平台及框架； 2、熟悉网络编程、TCP/IP、UDP、HTTP协议、ADT工具，具备Android平台性能优化的经验； 3、熟悉常用数据结构与算法，有小程序开发经验，熟悉reactnative等优先； 4、良好的沟通表达能力、思维逻辑清晰，良好的代码编写习惯，有进取心，对工作充满热情。 iOS 开发工程师 2 本科 1 、良好的Objective-C编程基础和数据库知识，良好的编程习惯； 2、熟练运用UIKit、Masonry等进行界面开发；熟练掌握多线程相关知识，以及实战运用； 3、熟悉各种动画和特效实现方案、熟悉iOS的性能和内存优化、熟悉Git、CocoaPods等工具； 4、具备分析问题、独立攻关、能够有效分配时间掌控开发进度的能力。 活动运营专员 4 本科 1 、文笔良好，会使用新媒体工具如H5制作、视频拍摄剪辑等优先； 2、热爱策划创意类工作，良好的创新创意能力、活动策划能力和审美能力； 3、工作投入度高，具备较好的沟通协调能力及团队合作精神，有宣传推广意识。 新媒体运营专员 2 本科 1 、熟悉微信公众号、抖音、快手等平台运营工具，并善于使用运营分析工具； 2、有较强的数据分析能力，良好的文案写作能力，图片编辑能力，信息采编整合能力；熟悉网络推广，能够发掘传播新渠道； 4、热爱新媒体行业和自媒体运营，对移动互联网发展潮流高度关注，思维活跃、有创意。 内容运营专员 2 本科 1 、文字功底扎实，表达能力强、思想活跃，才思敏捷，具备优秀的创作能力； 2、熟练掌握各类新媒体编辑工具（秀米、135、i排版等）的使用，具备良好的审美能力。 社群运营专员 2 本科 1 、熟悉微信群运营，根据不同人群及个性进行运营指导，话题发起、互动游戏等策划及维护； 2、服务意识强，有耐心、谦卑心，富有想象力和激情。 机械工程师 2 本科/硕士 1 、熟悉机械结构、动力设备等装置性能，熟悉常规产品及工装设计； 2、熟练运用CAD等二维/三维设计工具。 液压工程师 1 本科/硕士 1 、熟悉液压机械结构及动力设备等技术性能，熟悉液压系统、装置加工、能完成常规液压维修工装设计； 2、熟练运用CAD等二维/三维设计工具。 发动机工程师 1 本科/硕士 1 、熟悉柴油机结构、性能及制造原理，了解测试其工艺及相关设备； 2、熟练运用CAD等二维/三维设计工具。 嵌入式工程师 （偏硬件） 1 硕士 1 、熟悉C/C语言，良好的技术文档撰写能力，有嵌入式开发项目经验的优先； 2、扎实的硬件基础，熟悉原理图，熟悉常用接口，如:I2C、SPI、RS232等。   ",20/04/2020
http://www.yingjiesheng.com/job-004-596-435.html,北京蓝拓扑科技股份有限公司,2020校园招聘,  招聘信息    标题  北京蓝拓扑科技股份有限公司招聘  招聘截止日期  2020-07-31    应聘网址  hr@bluetop.com.cn  简历投递邮箱  hr@bluetop.com.cn    单位介绍：    北京蓝拓扑科技股份有限公司是一家立足于广电监测和应急广播、专注音视频技术领域的高新技术企业，向IPTV、OTT、互联网等全媒体行业提供产品与服务。公司坚持“用科技守护媒体安全”的企业使命，对广播电视、音视频、多媒体、互联网的新技术、新理念、新应用进行不断探索和持续研究，产品模式从原来的单一型、链路式设备，到现在基于内容识别和智能分析一体化的全方位系统集成平台，运用云计算、大数据、人工智能等先进技术，在产品与服务的融合化、智慧化方面不断拓展、创新，历经近20年的技术积累，蓝拓扑已从设备提供商转型为大型系统集成商，为客户提供一站式解决方案。公司与国家广播电视总局、中央广播电视总台、各省市级广播电视监测中心、省市级广播电视台、有线数字电视运营商、无线发射台站、IPTV/OTT等新媒体运营商、各高校及科研院所等机构建立了深度合作，承建了近千个项目，业务覆盖全国。蓝拓扑凭借专业的系统设备和优质的技术服务，树立了业界口碑，赢得了客户信赖。    招聘简章：      北京蓝拓扑科技股份有限公司校园招聘简章       依托视音频技术，为全媒体行业提供产品与服务的高新技术企业。    企业使命： 用科技守护媒体安全    核心价值观： 客户至上、诚实守信、奋斗为本、持续创新        公司介绍   北京蓝拓扑科技股份有限公司是一家立足于广电监测和应急广播、专注音视频技术领域的高新技术企业，向 IPTV 、 OTT 、互联网等全媒体行业提供产品与服务。   公司坚持“用科技守护媒体安全”的企业使命，对广播电视、音视频、多媒体、互联网的新技术、新理念、新应用进行不断探索和持续研究，产品模式从原来的单一型、链路式设备，到现在基于内容识别和智能分析一体化的全方位系统集成平台，运用云计算、大数据、人工智能等先进技术，在产品与服务的融合化、智慧化方面不断拓展、创新，历经近 20 年的技术积累，蓝拓扑已从设备提供商转型为大型系统集成商，为客户提供一站式解决方案。   公司与国家广播电视总局、中央广播电视总台、各省市级广播电视监测中心、省市级广播电视台、有线数字电视运营商、无线发射台站、 IPTV/OTT 等新媒体运营商、各高校及科研院所等机构建立了深度合作，承建了近千个项目，业务覆盖全国。蓝拓扑凭借专业的系统设备和优质的技术服务，树立了业界口碑，赢得了客户信赖。      产品介绍    监测监管系统   广播电视信号监测及安全播出   OTTIPTV内容监测监控   EPG广告监测    指挥调度系统   安全播出资源及安全播出业务管理   视频会议应急联动   基于 GIS 的事件处理预测分析    应急广播系统   端到端应急广播系统   多级联动智能调度   全网覆盖  智能终端    个性化客制   多业务融合云平台   运行数据可视化定制平台   全景链路云画面多画面显示    测试测量仪器   全制式多规格码流分析仪   便携式一体机监测终端   无线广播电视覆盖效果监测       招聘职位体系    一、研发体系：   WEB开发工程师   软件开发工程师（大数据、人工智能方向）   嵌入式软件开发工程师   FPGA开发工程师   硬件开发工程师   测试工程师     岗位要求：   1、统招院校应届硕士及以上学历，计算机、通信工程、电子信息工程、自动化物理、数学等相关理工科专业；   2、热爱技术，喜欢研究；   3、较强的逻辑分析和独立解决问题能力，有较强的自我管理能力；   4、富有团队精神、责任感、沟通能力、工作认真负责。      二、营销体系：   销售工程师   售前技术支持工程师   实施工程师 / 技术支持工程师     岗位要求：   1、统招院校应届本科及以上学历，计算机、通信工程、电子信息工程、自动化物理、数学等相关理工科专业；   2、性格开朗，具有较强的沟通能力和表达能力；   3、具备良好的团队协作精神、敬业精神、责任心强、工作积极主动；   4、能适应较强压力的工作，能适应周期性出差。       员工福利   应届生宿舍、六险一金、餐补、交通补助、定期体检、定期旅游、生日福利、节日福利、团建活动、带薪年休假等。      联系方式   公司网址： www.bluetop.com.cn   总部地址：北京市昌平区黄平路 19 号泰华龙旗广场 E 座 15 层   沈阳研发中心：沈阳市浑南区沈阳国际软件园   校招联系电话： 010-82030550-8701   接收简历邮箱： hr@bluetop.com.cn （请在邮件中附上成绩单，邮件主题：姓名  学校  意向岗位）      招聘附件:              职位(1):软件研发中心工程师岗位   职位(2):硬件研发中心研发岗位   职位(3):营销体系岗位 ,20/04/2020
http://www.yingjiesheng.com/job-004-596-421.html,上海期货交易所博士后科研工作站,2020招聘博士后,,20/04/2020
http://www.yingjiesheng.com/job-004-596-387.html,湖南联通,2020校园招聘," 湖南联通2020春季线上校园招聘正式启动  发布时间：2020年04月19日08:34     一、湖南联通概况：  湖南联通成立于1997年8月，是“世界500强”中国联合网络通信有限公司（简称中国联通）设在湖南省内的分支机构。  湖南联通坚持科学布局、提质增效，年营业收入近百亿元，固定资产投资规模近200亿元，拥有营业服务网点2万多家，全业务用户超过1800万户，公司业绩增长速度、经营管理考核排名一直在集团内名列前茅，保持了蓬勃的发展态势。作为湖南省重点企业，湖南联通注重履行社会责任，追求企业与利益相关方在经济、社会与环境方面共同可持续发展，多次荣获“湖南省消费者信得过单位”、“湖南省保护消费者权益示范单位”、“全国模范劳动关系和谐企业”、“全国模范职工之家”等荣誉称号。   湖南联通在全省所有14个市州、所有区县均设立了分支机构，员工总数近万名。湖南联通为员工搭建了标准、规范、统一的薪酬晋升激励机制和职业发展体系，员工满意度指数逐年提升。   为引领开创发展新局面，更好地支撑服务网络强国战略和“互联网”行动，为客户提供更加优质的服务，湖南联通现面向2020年应届毕业生诚聘优秀人才。    二、招聘流程 ：  简历网申→简历筛选→笔/面试→签约→体检→入职  （笔/面试形式根据疫情情况采用线上、线下笔/面试形式，具体形式等候通知）    三、招聘职位及专业要求 ：     岗位名称  职位描述  需求专业    创新技术支撑  负责云数据、物联网、大数据、移动互联网、智慧城市等创新业务领域平台架构设计、建设规划、运营维护等  计算机科学与技术、软件工程、网络工程、信息安全、物联网工程、智能科学与技术、数据科学与大数据技术、电子与计算机工程、空间信息与数字技术、数学与应用数学、信息与计算科学、人工智能、统计学、应用统计学、计算数学及其应用软件、数据库应用与信息管理、电子信息、信息工程、网络技术与信息处理、数字媒体技术、市场营销类等。    创新客户经理  负责云数据、物联网、大数据、移动互联网、智慧城市等创新业务领域营销策划、组织销售、客情维系等    创新业务支撑  负责云数据、物联网、大数据、移动互联网、智慧城市等创新业务领域产品设计、运营维护等    网络维护  负责网络规划、建设、维护、优化、客户响应支撑等  通信类    网络优化  负责网络规划、建设、维护、优化、客户响应支撑等  通信类    市场  负责市场营销、策划、产品、渠道等  市场营销类    财务  负责财务管理、会计核算、收入稽核、资产管理等  会计、统计、审计等相关专业    法律  负责法律事务管理等  法律等相关专业    人力资源  负责员工招聘、激励、培训、考核等  人力资源等相关专业    新闻文秘  负责新闻宣传、舆情管理、文秘写作等；  新闻、中文、文秘等相关专业       四、基本任职要求:  1 . 统招本科及以上学历应届高校毕业生；  2. 所学专业对口，专业基础扎实，综合成绩优良；  3. 身体健康，品学兼优，服从公司工作安排。    五、工作条件及待遇：  1. 工作地点：省内所辖各级分支机构。  2 ．劳动关系：签订正式劳动合同，首次劳动合同期限3年，试用期3个月。  3 ．薪酬福利：薪酬水平在行业内具有竞争力,享有四大类共46项福利：  （1）政策型福利，如基本养老保险、基本医疗保险、补充医疗保险、失业保险、工伤保险、生育保险、住房公积金、企业年金、防暑降温费、国家法定假日、年休假、婚假、产假、陪产假等；  （2）保障型福利，如统一供餐、差旅补贴、员工制服、劳动保护等；  （3）关爱型福利，如意外保险、困难职工补助、节日慰问、住院医疗、沃帮互助基金、子女医疗保障等；  （4）激励型福利，如优秀员工培训进修、考级考证费用报销、荣誉表彰、荣誉休假、员工援助计划等。    六、简历投递链接： http://campus.51job.com/hnlt2020/job.html    七、面试资料准备：  1 ．湖南联通校园招聘登记表、背景调查表,下载地址  （ http://campus.51job.com/hnlt2020/notice.html ）；  2 ．学校及院系盖章的毕业生就业推荐表（须有各学习课程及成绩登记、个人简介）；  3 ．身份证、英语等级证以及各类获奖证书的复印件。    八、注意事项：  1 ．本次招聘录用人员与中国联合网络通信有限公司湖南省分公司签订劳动合同。  2 ．本次招聘只接受网上报名。  3 ．应聘者应写明准确、稳定的联系方式和邮箱地址，并保持联系方式畅通，以便于我们能及时联系。  4 ．本次招聘不收取任何费用，请谨防上当受骗。  5 ．咨询电话：0731-83397693徐小姐。 ",20/04/2020
http://www.yingjiesheng.com/job-004-596-324.html,天津利安隆新材料股份有限公司,2020校园招聘,     天津利安隆新材料股份有限公司  有效期： 2020-07-18 发布日期： 2020-04-18           单位所在地： 天津市   招聘说明： 特别提示：同学们在应聘时，如遇到用人单位“收取押金/扣押证件/收取任何费用”以及提出不正当面试要求等不规范招聘的情况，请立刻中止应聘，并将该情况告知就业指导中心（62332010）或学院就业专任教师。第三方机构未经我校允许擅自转载或变更信息未能及时更新及提醒毕业生，导致相关后果的，学校不承担相关责任。   学校推荐意见： 登录后可见   单位简介   不负芳华无问西东 ――利安隆2020届校园招聘 ABOUTUS 天津利安隆新材料股份有限公司简介 （股票代码：300596） 利安隆是全球领先的高分子材料抗老化助剂产品和技术供应商，主要产品有抗氧化剂、光稳定剂和整体解决方案产品U-pack。 公司是国家级高新技术企业，中国同行业第一家A股上市公司，股票代码：300596。公司坚守为客户创造价值的使命，专注于高分子材料抗老化技术领域，加强技术创新和全球网络布局，为全球高分子材料技术进步做出贡献。 公司目标是发展成为全球高分子材料客户首选的抗老化助剂产品和技术供应商。 借助于公司成功上市的基础，公司将进一步加强技术研发，加快在国内外抗老化助剂产品的产能布局，并通过并购、合作等多种金融业态不断地为我们的客户及行业提供更多的创新产品及应用技术解决方案。 我们已经在欧洲比利时的安特卫普、美国的俄亥俄州、新加坡、泰国、日本，以及广州、上海、宁夏等地区设立物流仓库，打造覆盖全球主要客户群的72小时快速服务网络，为各地客户提供方便快捷的本土化服务。 公司现有5个生产基地： 天津汉沽基地 、 宁夏中卫基地 、 浙江常山基地 、 广东珠海基地 、 河北衡水基地 。 公司已经实现包括GAO、SAO、UVA、HALS、U-pack在内的全部高分子材料抗老化助剂产品的产能配套，并将根据市场开拓进展及客户需求，在全球范围内规划新的产能布局。 公司秉持“团结、坚持、勤勉、快乐”的企业精神，奉行和弘扬“以客户为中心，坚持职工、股东和社会利益的平衡”的价值观，聚才惜才，高度重视员工的成长和成才，始终致力于为员工提供广阔的职业发展平台和良好的工作环境，已形成完整的人才培养体系，建立了完善成熟的职业发展渠道和晋升空间，公司还十分愿意为中高端技术人才提供具有挑战性的研究课题、雄厚的资金支持和良好的福利待遇。 Jobpositiaon 招聘岗位 研发（助理）工程师 需求专业：有机化学、应用化学、化学工程与工艺 工作地点：汉沽（7人）、常山（1人）、衡水（2人） 分析工程师 需求专业：应用化学、分析化学 工作地点：汉沽（4人）、常山（1人）、珠海（1人） 工艺工程师 需求专业：化学工程与工艺、制药工程 工作地点：汉沽（4人）、常山（2人）、中卫（5人）、珠海（2人） 设备工程师 需求专业：过程装备与控制工程 工作地点：中卫（1人）、珠海（2人） 仪表工程师//动力工程师 需求专业：电气工程类//热能动力与工程 工作地点：珠海（2人）//中卫（1人） 安全工程师//环保工程师 需求专业：安全工程、化学工程与技术//环境工程、化学工程 工作地点：常山（1人）//常山（1人）、珠海（1人） 设备采购工程师4人//原材料采购工程师2人 需求专业：过程装备与控制工程//化学相关专业 工作地点：汉沽、中卫、珠海、常山（各1人）//天津总部（2人）、 财务出纳1人 需求专业：财务管理、会计 工作地点：中卫 实验员、质检员//统计员15人 需求专业：化学工程与工艺、化学类//理工类 工作地点：珠海 内（外）操作员若干 需求专业：化学工程与工艺等化工相关专业 工作地点：珠海 库品管理员若干 需求专业：化学工程与工艺、化学类//理工类 工作地点：珠海 Remunerationandwelfare 薪酬福利 ★具有行业竞争性的薪酬（职等工资绩效工资年功工资年终奖金）； ★五险一金、防暑降温费、采暖补贴等； ★免费工作餐、通勤班车、员工住宿/租房补贴、免费体检、带薪年休假等。 Recruitmentprocess 校招流程 校园招聘会☆现场投递简历☆现场面试☆专业面试☆确定录用☆发放offer 在线投递简历◎简历筛选◎电话面试◎专业面试◎确定录用◎发放offer Contactus 联系我们 公司地址 天津总部 ：天津市西青区华苑产业园区开华道20号智慧山西塔20层 汉沽基地 ：天津经济技术开发区汉沽现代产业区黄山路6号 中卫基地 ：宁夏回族自治区中卫工业园区A6路 常山基地 ：浙江省衢州市常山县生态工业园区凯隆路 珠海基地 ：广东省珠海市高栏港经济区石化六路东南 衡水基地 ：河北省衡水市高新技术开发区冀衡路9号 营销中心华东区 ：苏州市相城区高铁新城南天成路78号融瑞大厦大厦8层802室 营销中心华南区 ：广州市黄埔区科学城科丰路31号华南新材料创新园G1栋216室 联系方式 联系电话 ：18522206303  联系人：刘先生 公司网址 ： www.rianlon.com  简历投递邮箱 : hr@rianlon.com 邮件主题请以“ 工作地点职位姓名学校学历专业 ”形式，简历附件以PDF格式投递邮箱         ,20/04/2020
http://www.yingjiesheng.com/job-004-596-328.html,神州优车,2020校园招聘,     神州优车  有效期： 2020-07-18 发布日期： 2020-04-18           单位所在地： 福建省厦门市   招聘说明： 特别提示：同学们在应聘时，如遇到用人单位“收取押金/扣押证件/收取任何费用”以及提出不正当面试要求等不规范招聘的情况，请立刻中止应聘，并将该情况告知就业指导中心（62332010）或学院就业专任教师。第三方机构未经我校允许擅自转载或变更信息未能及时更新及提醒毕业生，导致相关后果的，学校不承担相关责任。   学校推荐意见： 登录后可见   单位简介   神州优车2020届校园招聘 一、公司简介 神州优车深度聚焦出行和汽车全产业链，是中国最大的B2C出行平台，旗下： 神州租车：中国最大的租车公司，管理超过40万台车 神州专车：中国品牌力最强的专车品牌，各类顶级会议常年指定用车 宝沃汽车：源自德国的百年经典汽车品牌，缸内直喷、空气弹簧等诸多现代汽车技术的开创者 神州优车以技术为核心，通过商业模式创新，发挥业务板块协同效应，致力重塑全新的人车生态圈。 2019 年3月，神州优车集团收购宝沃汽车 2018 年4月，神州优车推出智慧云出行解决方案 2017 年12月，神州优车集团发布新战略：打造新一代汽车生活平台 业务遍及300个城市，管理车队规模突破30万台 2017 年8月，成立优车产业基金，规模100亿 2016 年7月，神州优车集团在新三板挂牌 2015 年1月，神州优车集团正式成立  同年推出专车品牌：神州专车 2014 年9月，神州租车在香港联交所主板成功上市 2012 年1月，神州租车完成中国大陆省份的服务网络全覆盖 2007 年12月，神州租车在人民大会堂举行开业典礼，全国11个城市开业 二、招聘岗位 管培生  岗位职责： - 作为集团管培生，接受集团全方位的文化、业务、领导力的培训与锻炼； - 在岗实战，更有高管亲自指导，加速成长； - 配合公司战略布局，不断优化业务策略，提出合理化建议。  任职要求： -2020 届统招本科及以上学历，理工类专业优先； - 有激情、敢革新，极强的上进心和创造力； - 自信、果敢，有强烈的企图心，勇于挑战新高度； - 学习、沟通、协调全能选手，具备较强的抗压能力和灵活应变能力。  工作地点：厦门、北京、天津  IT 类岗位： 岗位方向：Java研发工程师、前端工程师、Android工程师、IOS工程师、产品经理  任职要求： -2020 届统招本科及以上学历，计算机相关专业，研究生优先； - 善于学习学习互联网产品的相关技术，热爱开源技术 - 掌握一门主流的开发语言，如Java/Android/IOS/前端技术等 - 强烈的责任心，优秀的逻辑思维，学习能力强，具有进取心和团队协作精神  薪资福利： - 市场上极具竞争力的薪酬水平； - 五险一金，带薪年假，年终奖金，租车购车优惠、丰富的员工活动； - 体系化的职业发展与晋升通道。  三、应聘流程 - 网申→测评→面试→offer发放→入职 网申入口：  官方网站： www.ucarinc.com/  投递链接：https://app.mokahr.com/campus_apply/ucar/5290         ,20/04/2020
http://www.yingjiesheng.com/job-004-596-312.html,利丰供应链管理（中国）有限公司,全职,,20/04/2020
http://www.yingjiesheng.com/job-004-596-311.html,联宝（合肥）电子科技有限公司,全职,,20/04/2020
http://www.yingjiesheng.com/job-004-596-310.html,广州王老吉大健康产业有限公司,全职,,20/04/2020
http://www.yingjiesheng.com/job-004-596-309.html,福建省二建建设集团有限公司,全职,,20/04/2020
http://www.yingjiesheng.com/job-004-596-308.html,和谐健康保险股份有限公司,全职,,20/04/2020
http://www.yingjiesheng.com/job-004-596-226.html,中车大连机车研究所有限公司,2020校园招聘, 招聘公告»详情   中车大连机车研究所有限公司       工作城市： 辽宁省大连市  发布日期： 2020-04-1816:27    收藏   信息来源： 中国地质大学就业信息网 温馨提示：求职需提高谨慎，辨别信息真伪，勿上当受骗。     详情    中车大连机车研究所有限公司招聘简章 一、企业简介 中车大连机车研究所有限公司（简称大连所）地处于美丽的滨海城市大连。中车大连所以推动轨道交通发展为使命，紧跟世界前沿技术，大力推进技术研究、产品开发、试验检测和信息服务，不断推进技术产业化，逐步形成了牵引及网络控制系统、换热系统、动力传动系统、柴油机关键系统与部件等支柱产业。“十三五”期间中车大连所不断开拓市场，积极发展车载空调、高端机车轴承、机车智能化系统等新产业，努力把新兴产业打造成为支撑中车大连所可持续发展的支柱型产业。 大连所人员规模800余人，其中本科及以上学历达到57%以上，研发人员中，211、985高校毕业生比例约占70%。 2011年获批大连市企业技术中心，获得原中国北车股份公司管理一等奖；2012年“中国北车换热技术研发中心”挂牌；2013年获批辽宁省企业技术中心，NECT（“北车心”）电传动控制系统获中国北车科技成果特等奖；2014年获中国北车“突出进步奖”和“特别贡献奖”；2015年获批国家企业技术中心、辽宁省工程技术研究中心，获中国中车年度管理二等奖、全国模范职工之家；2016年“中国中车换热技术研发中心”挂牌；2017年获批组建辽宁省涡轮增压器重点实验室，高新技术企业重新认定成功。 二、招聘需求 序号 岗位 专业 人数 岗位要求 1 技术设计师 （机械结构设计方向） 机械设计及其自动化、车辆工程等相关专业 5 本科及以上学历，具备结构设计、掌握二维、三维机械设计软件工具、具备仿真软件应用能力、掌握ROMAX 2 技术设计师 （换热、制冷方向） 能源热能动力、空调制冷、流体力学等相关专业 3 本科及以上学历，能够熟练使用三维制图软件，具备工程制图能力；具备1种仿真软件（强度或流体或传热）应用能力。熟悉电力行业优先。 3 技术工程师 （内燃、增压方向） 热能与动力工程、轮机工程、机械工程及自动化等相关专业 5 本科及以上学历，了解涡轮增压器工作原理，熟悉二维及三维或其他制图工具 4 电气设计师 （强电方向） 电气工程、自动化、机电一体化等相关专业 6 本科及以上学历，轨道交通领域；强电方向；能掌握电气原理图绘制；C语言PLC编程，掌握网络通讯；接触过工业以太网或者232485profibus或者CANMVB通讯的优先 5 电气设计师 （控制方向） 自动控制及自动化专业、电机电气等相关专业 6 本科及以上学历，掌握机械设计及电气自动方面知识，自动控制理论、电力拖动、嵌入式控制、C语言编程、原理图及PCB设计等模拟及数字电路设计、工业电气基础。熟练掌握Solidwokrs软件并进行结构设计。 6 软件、硬件设计师 （嵌入式） 电子、通信、自动化、控制等相关专业 8 本科及以上学历，掌握一种32位微处理器应用技术，具备嵌入式产品的设计能力或经历；熟悉对计算机总线，可集成具有标准计算机总线接口的成品模块；熟悉网络及通信技术，可实现特定的数据通信；能够运用C语言开发应用软件。 7 工艺工程师 机械、焊接、电气、工业工程等相关专业 5 本科及以上学历，熟悉UG或其他制图软件，对机械类产品生产组装过程有了解；熟悉制图软件、熟悉CAPP操作、了解SMT相关工艺。 三、招聘流程 1、招聘宣讲会 2、投递简历 3、面试 4、测评 5、签约 电子简历投递邮箱： dls_hr@163.com 联系人：何老师 联系电话：0411-85873829 四、福利待遇 提供行业内有竞争力的薪酬及上升空间； 完善的五险一金福利，公积金比例个人15%，公司25%； 入职后办理大连市区户口； 为单身员工免费提供公寓宿舍或房补； 免费宿舍网络，免费WIFI； 免费物业和洗衣服务； 每年的免费健康体检服务； 免费提供营养早餐、标配午餐； 免费健身房、塑胶球场、乒乓球室、台球室等； 距大连市区300公里及以上者每年可享受20天探亲假。   ,20/04/2020
http://www.yingjiesheng.com/job-004-596-213.html,武汉环达电子科技有限公司,2020招聘,"  行政区划： 洪山区 经济类型： 股份制经济   单位性质： 国有企业 单位行业： 软件和信息技术服务业     武汉环达电子科技有限公司成立于2001年，是由中国船舶重工集团公司第七研究院武汉科技开发中心控股，集科研、生产、经营和服务四维一体的高新技术企业，主要从事集成电路、工业控制电路和专用电子部件产品的研发、生产、销售和技术服务。公司坐落于东湖高新技术开发区，占地面积20余亩，办公区域约6500M 2 。公司注册资本500万元，企业核心研发团队包含博士2人、高级工程师8人、硕士24人。 环达电子科技有限公司具有多年的微电子产品及电子设备的研发技术积累和先进的生产工艺，在数模混合电路集成、信号采集与处理、数字电路应用开发等技术领域处于领先水平。主要产品包括：水下导航定位陀螺仪、水下成像声呐系统、微弱信号调理滤波器、功率放大器、驱动电源模块、专业数据采集模块等。我们主要合作的单位有中船重工第710研究所、705研究所、海军工程学院等。 武汉环达电子科技有限公司是武器装备科研生产单位。2013年被评为“武汉市创新型试点企业”，2016年被评为武汉市“瞪羚企业”。连续多年被中船重工集团第七研究院授予“先进集体”荣誉称号。作为高新技术企业已成功申报20多项专利技术。 咨询电话：02767845012-8505,15927003592 简历邮箱： hr@hdet.com.cn （请注明职位） 公司网址：www.hdet.com.cn        需求岗位    需求人数    需求学历    需求专业    其他要求     软件开发岗  5  本科  电子信息工程,计算机科学与技术  本科及以上学历，熟悉通讯协议，WINDOWS基本原理    硬件开发岗  5  本科  电子科学与技术,测控技术与仪器,通信工程,电子信息工程,自动化,测控技术与仪器  本科及以上学历，有电源、功率驱动、Xilinx或AlteraFPGA开发经验者优先    功率放大类研发岗  3  本科  电子科学与技术,电子信息工程,自动化  本科及以上学历，掌握C51、Keil或CPLD开发工具，具备CPLD小规模逻辑处理器开发调试能力    FPGA类研发岗  3  硕士  电子与通信工程,软件工程,集成电路工程硕士,机械电子工程  有FPGA相关项目经验者为佳      ",20/04/2020
http://www.yingjiesheng.com/job-004-596-214.html,武汉高德红外股份有限公司,2020校园招聘,   【春风行动】武汉高德红外2020校园招聘    单位性质：未知  单位行业：未知     单位规模：--请选择--    工作城市：湖北省武汉市      发布日期：2020-04-1816:42           公告详情    一.【企业简介】 武汉高德红外股份有限公司（SZ.002414）创立于1999年，位于“中国光谷国家自主创新示范区”，是规模化从事红外核心器件、红外热像仪、大型光电系统研发、生产、销售的高新技术上市公司。公司市值近400亿元，拥有高科技人才3000余名，已建成覆盖底层红外核心器件至顶层完整武器系统的全红外产业链研制基地。 高德红外拥有的自底层至系统的完整而全面的自主技术，能为各行业提供性能强、体验佳、服务优的红外热成像产品和解决方案。如今，高德的产品已广泛应用于军工、电力、检疫、医疗检测、工业检测、安防监控、消防救援、警用执法、工业自动化、环保、智能家居以及消费电子领域。 二.【招聘岗位】 三.【工作地点】 武汉：武汉市东湖高新区黄龙山南路6号 四.【福利待遇】 1.富有竞争力的薪酬体系：基本工资、绩效奖金、项目奖金、年终奖金、岗位津贴、专项补贴 2.完善的荣誉激励体系：小红旗、小新星、勇往直前奖、匠心独运奖、运筹帷幄奖、先进奖、新锐奖、十佳奖、董事长奖 3.完善的福利体系：五险一金、年休假、全薪病假、节假日礼品、生日趴、免费班车、年度体检、员工宿舍、员工食堂、免费运动场馆、各文体活动社团 4.五新培养体系-横纵联合：高德新星、高德新苗、高德新力量、高德新征程、高德新灯塔、 职业素质类、通识类、专业技能类、管理提升类 五.【联系方式】 招聘邮箱： hrmguide@163.com <简历请以“姓名学校专业应聘岗位”命名> 联系电话：027-81298265徐先生、周先生    ,20/04/2020
http://www.yingjiesheng.com/job-004-596-074.html,宏胜饮料集团有限公司,2020校园招聘, 招聘公告»详情   宏胜饮料集团有限公司   宏胜饮料集团有限公司     单位性质： 其他   单位行业： 制造业   单位规模： 1000-5000人     工作城市： 浙江省  发布日期： 2020-04-1717:06       信息来源： 云南大学就业创业网      职位列表      职位编号  职位名称  需求专业  需求人数  工作性质  薪资  操作    851421  总裁助理（2020届）  不限专业  5  全职  6500-7499  投递简历    851422  投资分析管培生（2020届）  不限专业  5  全职  7500-8499  投递简历    851423  企管专员（2020届）  不限专业  5  全职  7500-8499  投递简历    851424  算法工程师（2020届）  不限专业  5  全职  6500-7499  投递简历    851425  财务管培生（2020届）  不限专业  5  全职  7500-8499  投递简历    851426  供应链管培生（2020届）  不限专业  5  全职  6500-7499  投递简历    851427  行政管培生（2020届）  不限专业  5  全职  6500-7499  投递简历    851428  Java开发工程师（2020届）  不限专业  5  全职  6500-7499  投递简历    851429  Java开发工程师（2020届）  不限专业  5  全职  6500-7499  投递简历    851430  H5开发工程师（2020届）  不限专业  5  全职  6500-7499  投递简历    851431  研发管培生（2020届）  不限专业  5  全职  8500-9499  投递简历    851432  仪器分析员-包材（2020届）  不限专业  5  全职  8500-9499  投递简历    851433  仪器分析员-气相液相（2020届）  不限专业  5  全职  8500-9499  投递简历    851434  博士后（食品用功能性成分的开发和应用研究）  不限专业  5  全职  10500-14999  投递简历    851435  博士后（传统食材与工艺产业化应用研究）  不限专业  5  全职  10500-14999  投递简历    851436  博士后（热敏性天然香气成分保护机制研究）  不限专业  5  全职  10500-14999  投递简历    851437  创意策划（2020届）  不限专业  5  全职  6500-7499  投递简历    851438  生产中心管培生（2020届）  不限专业  5  全职  6500-7499  投递简历    851439  包装材料研究员（2020届）  不限专业  5  全职  8500-9499  投递简历    851440  包装工艺研究员（2020届）  不限专业  5  全职  8500-9499  投递简历    851441  油墨研究员（2020届）  不限专业  5  全职  8500-9499  投递简历    851442  自动化工程师（2020届）  不限专业  5  全职  6500-7499  投递简历        详情    宏胜饮料集团 2020届校园招聘简章 Ｇ o宏，造未来！ 招聘对象： 2020 届应届毕业生  一、集团简介： 宏胜饮料集团有限公司成立于 2003年，集团总部位于中国杭州。集团以饮料为主业，同时经营饮料上游产业链配料生产、高端装备制造、印刷包装，提供饮料生产全产业链解决方案，致力于打造消费者体验最好的饮料企业。目前集团在中国共有16个生产基地，44家子公司，拥有104条国际一流的现代化饮料生产线，主营产品包括果蔬饮料、瓶装饮用纯净水、矿物质水、茶饮料、含乳饮料等，年生产能力达48000余万箱。我们是“中国民营企业500强”企业、“中国制造业企业500强”企业、“中国民营企业制造业500强”企业等。 二、福利待遇： 行业有竞争力的薪酬水平、生日福利、餐饮补贴、健康体检、节假日福利、免费住宿、免费班车、员工活动等。 三、招聘岗位 : 部门 岗位 目标专业 学历 食品研究所 博士后 食品、茶学、发酵、生物、药学等专业 博士 研发管培生 食品、化工、生物等专业 硕士及以上 仪器分析员（气相液相） 食品、化工、生物等专业 硕士及以上 仪器分析员（包材） 包装、材料等专业 硕士及以上 包装研发 油墨研究员 包装、印刷、材料等专业 硕士及以上 包装工艺研究员 包装、印刷等专业 硕士及以上 包装材料研究员 包装、印刷等专业 硕士及以上 机械技术中心 自动化工程师 自动化、机电一体化等专业 本科及以上 信息部 J AVA 开发工程师 计算机等专业 本科及以上 H 5 开发工程师 计算机等专业 本科及以上 战略运营部 企管专员 管理学、经济学等专业 硕士及以上 算法工程师 数学、统筹学等专业 本科及以上 生产中心 生产中心管培生 管理学、供应链管理、统计学等专业 本科及以上 Kellyone事业部 创意策划 广告、传播、媒体、平面设计等专业 本科及以上 总裁办 总裁助理 专业不限 本科及以上 投资部 投资分析管培生 金融、经济、财务、统计、管理等专业 硕士及以上 财务部 财务管培生 财务、审计等专业 硕士及以上 人力资源部 人力资源管培生 人力资源、管理类等专业 本科及以上 行政部 行政管培生 行政管理、公共事业管理、社会管理等 本科及以上 供应链事业部 供应链管培生 物流类、商务类等专业 本科及以上 备注： 1、博士后岗位方向： （1） 食品用功能性成分的开发和应用研究：利用发酵、提取等技术手段，开发食品用功能性成分并进行应用产品开发。 （2） 传统食材与工艺产业化应用研究：研究中国传统食材及手工制作工艺，应用现代科学技术手段，进行产业化开发。 （3） 热敏性天然香气成分保护机制研究：根据茶及植物提取物中热敏性香气物质特性设计保护方案，解决饮料加工过程中香气热劣变问题。 2 、工作地点：浙江省杭州市萧山区恒盛路9号宏胜饮料集团有限公司  四、 简历投递 以下两种方式均可投递（二选一）： 方式一：在智联招聘、前程无忧、猎聘网三大网站，任选一个，进行简历线上投递。 方式二：将 简历投递至邮箱： zhaopin@h-shgroup.com （邮件标题：【 2020届校招】岗位姓名） 五、 招聘流程 简历投递 --简历筛选--初试--复试--签约 六、 联系方式 公司地址（总部）：杭州萧山经济开发区恒盛路 9号 联系电话： 0571- 83508673 招聘公众号：宏胜集团招聘 抖音账号：宏胜饮料集团（抖音号 :  dyno65rda4qq）   ,20/04/2020
http://www.yingjiesheng.com/job-004-596-038.html,湖北黄石市妇幼保健院,2020招聘, 招聘公告»详情   湖北黄石市妇幼保健院招聘45人       工作城市： 湖北省黄石市  发布日期： 2020-04-1723:37    收藏   信息来源： 湖北文理学院就业信息网 温馨提示：求职需提高谨慎，辨别信息真伪，勿上当受骗。     详情    根据集团市妇幼保健院2020年业务发展和工作需求，现面向全社会招聘医疗医技等岗位工作人员，具体要求如下： 一、具体岗位及条件 (1)拥护中国共产党的领导，热爱社会主义祖国;遵守国家法律、法规;具有良好的职业道德;具备全面履行本岗位职责的能力;身体健康; (2)沟通能力强，五官端正，礼貌大方，专业知识扎实，实践能力强; (3)热爱工作，有良好的职业道德和交流沟通能力; (4)有二级及以上医疗卫生机构从业经验者优先; (5)具备一定的外语基础和计算机操作能力者优先; (6)集团各院区内辞退(职)人员，不得参加本次招聘。 二、招聘程序 (一)信息公布 医院网站上公布招聘信息。 (二)报名 1.报名时间：自公告发布之日起至4月21日上午10:00止。 2.应聘人员请发送简历至邮箱 rsk@hsfybjy.com ; 或登录鄂东医疗集团网站(具体方法：进入鄂东医疗集团官网→人才招聘(置顶信息栏目，在线投递简历)→在线投递简历，点击进入→点击求职注册→输入电子邮箱及密码进行注册→填入个人信息并选择岗位进行投递。 (三)资格审查及试工： 1.资格审查审查时间：即日起至4月21日上午10:00止 应聘者携带以下资料到黄石市妇幼保健院人事科教科(地址：团城山桂林南路9号黄石市妇幼保健院3号楼105室)进行现场资格审查： (1)身份证原件、复印件1份; (2)学信网学历(学籍)验证报告; (3)毕业证和学位证原件、复印件1份(2020年应届毕业生不需要); (4)执业证书和资格证书原件、复印件1份(或提供资格考试合格成绩单); 2.资格审查通过后随即安排到相应科室试工。4月24日前试工须满3个工作日，未完成试工者不得参加后续笔试面试;前期已完成试工者无需重复试工。 (四)笔试与面试：拟定于2020年4月24日，具体时间地点另行通知。 三、纪律监督 招聘工作中如发现招考中的违纪行为，一经发现，严肃处理。应聘人员弄作假或违纪违规的，一经发现，取消聘用资格。 四、联系电话 鄂东医疗集团市妇幼保健院人事部：0714-3991689 考试 长按识别下方二维码 来源： 湖北医疗卫生考试   ,20/04/2020
http://www.yingjiesheng.com/job-004-596-025.html,捷安高科,2020校园招聘,,20/04/2020
http://www.yingjiesheng.com/job-004-595-931.html,吉林省气象局,2020校园招聘," 根据《事业单位人事管理条例》、《事业单位公开招聘人员暂行规定》和《吉林省气象部门事业单位公开招聘应届高校毕业生管理办法》的规定，吉林省气象局 2020 年面向高校公开招聘全日制本科及以上学历的应届毕业生，现将有关事项公告如下：  一、招聘岗位  吉林省气象局 2020 年事业单位公开招聘工作人员共 44 名，其中国家气象编制 31 名、地方事业编制 13 名。具体招聘岗位及其资格条件详见附件 1 。  二、报名条件  ( 一 ) 基本条件  具有中华人民共和国国籍，遵守中华人民共和国宪法、法律、法规，品行端正，愿意履行事业单位人员的义务。未参加国家禁止的组织及其活动。不属于正在接受监察、纪检、司法部门调查的人员，或者正在被执行刑事处罚的人员、仍处于处分期内的人员。  ( 二 ) 岗位条件  符合岗位所需要的学历、专业及其他条件（详见附件 1 ）。  ( 三 ) 回避情形  应聘人员与用人单位负责人员有夫妻关系、直系血亲关系、三代以内旁系血亲或者近姻亲关系的应聘人员，不得应聘该单位人事、财务、纪检监察岗位，以及与该单位负责人员有直接上下级领导关系的岗位。  三、报名方式及报名时间  ( 一 ) 报名方式  应聘的应届高校毕业生登录吉林省气象局官方网站，下载《吉林省气象局 2020 年公开招聘全日制普通应届高校毕业生应聘报名表》，按要求填写，以压缩文件的形式，按照“ XXXX 岗位 -XXXX 大学 -XXXX 专业 - 姓名”的命名格式作为电子邮件附件发送至 jlqxrs303@126.com 邮箱。  ( 二 ) 报名时间  报名起止时间： 2020 年 4 月 17 日至 4 月 29 日，时间范围外报名无效。  四、资格审查  由招聘单位和招聘单位主管部门依据招聘岗位设置的条件进行资格审查。应聘人员需携带学生证、身份证及所有报名材料原件和复印件。报名材料弄虚作假者，一经核实，取消招聘资格。  五、招聘考试  考试分为笔试与面试，考试主要测试岗位所需的专业知识、业务能力和综合素质。  1. 对岗位资格条件要求为全日制硕士研究生及以上学历的招聘岗位，可以免笔试，直接进入面试。  2. 对岗位资格条件要求为全日制本科及以上学历气象类专业的招聘岗位，可以免笔试，直接进入面试。  3. 对岗位资格条件要求为国家确定的集中连片特殊困难地区的县、国家扶贫开发工作重点县的县级气象局所在地气象台站硕士研究生及以上学历、县以下气象台站（不含县级气象局所在地）本科及以上学历的招聘岗位，可以免笔试，直接进入面试。  4. 其他招聘岗位，采取笔试和面试相结合的方式进行。同一岗位笔试前三名者进入面试。笔试科目：气象学与农业气象学基础、计算机基础知识、公文写作和省 ( 市、县 ) 事业单位公开招聘工作人员考试专用教材之《通用知识》。  5. 需要笔试、面试的岗位，将统一在长春（吉林省气象局）组织笔试面试，具体时间另行通知。  六、体检与考察  根据应聘人员考试成绩，按照招聘计划 1:1 比例在及格线以上人员中从高分到低分依次确定参加体检人选。体检参照《公务员录用体检通用标准（试行）》执行，体检费用自理。  体检合格者，由用人单位对其政治品德修养、业务知识与岗位适应能力、综合业务能力及拟任岗位资格等情况进行考察。体检或考察不合格者，取消拟聘资格，按成绩递补。  七、公示与聘用  经考察合格的，确定为拟聘用人选，并予以公示，公示期 7 个工作日。  对公示反映有严重问题并查有实据，不符合聘用条件的，取消其拟聘用人选资格；对公示无异议的，按有关规定办理相关手续。被聘用人员按相关政策规定实行试用期，试用期满考核合格者，予以正式聘用，不合格者，取消聘用资格。拟聘人员需与用人单位签订聘用合同，期限一般不低于 3 年，试用期为 12 个月。  八、有关说明  吉林省气象局 2020 年地方编制事业单位公开招聘计划以吉林省人力资源与社会保障厅批复为准，其报名条件、报名方式、报名时间地点、资格审查、招聘考试、体检考察和公示聘用等要求，待吉林省人力资源与社会保障厅发布相关招聘公告后，按有关规定执行。  拟报考吉林省气象局 2020 年地方编制事业单位公开招聘岗位的考生，可将个人简历电子版发送到指定邮箱。  九、信息发布及政策咨询  吉林省气象局官方网站（ jl.cma.gov.cn ）为此次公开招聘全日制普通应届高校毕业生的工作网站，请应聘人员及时关注相关信息。  政策咨询电话： 0431-87958012 （吉林省气象局人事处赵男）  十、招聘工作监督  吉林省气象局党组纪检组对此次招聘工作进行纪律监督。招聘工作纪检监督电话： 0431-87958028 、 87958030  吉林省气象局  2020 年 4 月 17 日  附件 1 ：吉林省气象局 2020 年公开招聘全日制普通应届高校毕业生需求岗位信息明细表 .xlsx 下载地址:http://jl.cma.gov.cn/xxgk_8514/tzgg/202004/P020200417441905713730.xlsx""title=""附件1：吉林省气象局2020年公开招聘全日制普通应届高校毕业生需求岗位信息明细表.xlsx  附件 2 ：吉林省气象局 2020 年公开招聘全日制普通应届高校毕业生应聘报名表 .doc 下载地址:http://jl.cma.gov.cn/xxgk_8514/tzgg/202004/P020200417441906062886.doc""title=""附件2：吉林省气象局2020年公开招聘全日制普通应届高校毕业生应聘报名表.doc  附件 3 ：吉林省气象局 2020 年公开招聘全日制普通应届高校毕业生应聘报名表填表说明 .doc 下载地址:http://jl.cma.gov.cn/xxgk_8514/tzgg/202004/P020200417441907353710.doc""title=""附件3：吉林省气象局2020年公开招聘全日制普通应届高校毕业生应聘报名表填表说明.doc   jl.cma.gov.cn/xxgk_8514/tzgg/202004/t20200417_1577181.html     查看次数：次",20/04/2020
http://www.yingjiesheng.com/job-004-595-904.html,中国船舶集团连云港杰瑞电子有限公司,2020校园招聘, 发布：发布：连云港杰瑞电子有限公司   审核人：金春竹   发布时间：2020-04-1720:03:00,20/04/2020
http://www.yingjiesheng.com/job-004-595-731.html,宝宝树（北京）信息技术有限公司,2020校园招聘," 招聘公告»详情   宝宝树（北京）信息技术有限公司   宝宝树（北京）信息技术有限公司     单位性质： 其他企业   单位行业： 信息传输、软件和信息技术服务业   单位规模： 1000-5000人     工作城市： 上海市,北京市,湖北省武汉市  发布日期： 2020-04-1712:03    收藏   信息来源： 湖北大学就业创业信息网 温馨提示：求职需提高谨慎，辨别信息真伪，勿上当受骗。     详情     宝宝树集团2020春季校园招聘  一、 公司介绍  宝宝树作为中国母婴类社区头部平台，致力于连接及服务年轻家庭，并以“让年轻家庭享受美好的生命旅程”为使命。强大的社交功能和优质丰富的内容是宝宝树社区平台的两大支柱，宝宝树在该平台上提供全面的产品和服务，以满足中国年轻家庭知识获取、交流交友、记录成长和消费购物的四大核心需求。经过13年的发展历程，宝宝树在中国母婴在线平台中树立起最受信赖的品牌。2018年11月27日，宝宝树于香港成功上市。   二、招聘岗位  1. 产品类：产品经理（工作地点：北京） 2. 运营类：产品运营、活动运营、用户运营、数据分析师（以上职位工作地点：北京） 3. 市场类：客户助理、策划助理、运营编辑助理（以上职位工作地点：上海） 4. 技术类：Java开发工程师、测试工程师（以上职位工作地点：北京、武汉）；前端开发工程师、算法工程师、Go开发工程师（以上职位工作地点：北京） 5. 设计类：UI设计师、运营设计师（以上职位工作地点：北京）   具体职位信息和岗位要求，请关注PC端和微信端-校园职位。   三、 校招安排  1. 招聘流程 网申 笔试 （部分岗位） 面试 offer 沟通 签订三方    2. 招聘对象及网申 面向人群：2020届毕业生 毕业时间：国内2020年1月1日~2020年12月31日 海外2019年9月1日~2020年8月31日 网申时间：2020年3月23日开始 网申方式： 1. 登录校招PC端官网，点击校招岗位页面，选择合适岗位，进行简历投递。 babytree-inc.zhiye.com/home 2. 移动端网申：关注“宝宝树招聘”公众号，“加入我们”选择“校园招聘”， 可手机端注册及简历投递。  3. 笔试安排 笔试方式：在线笔试 通知方式：笔试前1-2天，以短信及邮件的形式发送给同学，请及时查看。  四、福利及发展  宝宝树的企业价值观是“爱、拥抱变化、赢”，我们尊重人才、发展人才，并为每位宝树人提供极具行业竞争力的薪酬回报，及独有的文化福利。  l  快乐工作 1. 弹性上班时间，你的节奏自己决定 2. 年假外，还有带薪病假、每年2天起的司龄年假 3. 花样团建，一起疯一起笑，迪士尼走起 4. 生日趴、节日趴、庆典趴、FamilyDay，你就是我们的宝宝 5. 才华横溢的同学，各类狼人杀、卡丁车、运动的兴趣社团，喊你快来一起high 6. 宝树人专属福利，周边美食尽享打折 7. 撸猫撸狗，宝树宠物团等你来撩  l  幸福一家人 1. 家有新成员，宝宝树奉上新生儿大礼包 2. 免费子女商业保险，保护你的最爱 3. 宝树专属福利，宝贝生日的“子女生日假”  l  健康发展 1. 丰富下午茶，水果、甜点、饮品，美好你的味蕾 2. 全额五险一金，员工商业保险 3. 每年员工体检，不定期专家、按摩师来司服务 4. 免费健身区、宝树人打折健身房，来享受激情运动  l  学习成长 1. 你的战友来自国内外顶级高校，与优秀者共事才是最大的福利 2. office 专属“树下书屋”，书虫们的幸福空间 3. 每周各类技术分享会、大咖Talking/Sharing 4. 体系化培训学习，新人入职培训、专业能力培训、通用管理培训，你的成长加油站 5. 鼓励创新尝试，鼓励跨界实践，成就空间不只“岗位职责”那么多   五、了解更多宝宝树，请观看视频 1. 宝宝树官宣视频 v.qq.com/x/page/w08107w4syb.html 2. 宝宝树上市纪录片《最美的旅程》v.qq.com/x/page/h0815tin7oa.html     ",20/04/2020
http://www.yingjiesheng.com/job-004-595-735.html,灵犀联云,2020校园招聘, 招聘公告»详情   灵犀联云2020届春季校园招聘简章       工作城市： 北京市  发布日期： 2020-04-1715:49    收藏   信息来源： 中国地质大学就业信息网 温馨提示：求职需提高谨慎，辨别信息真伪，勿上当受骗。     详情    心有灵犀 智在联云 AI已来你来不来？ 灵犀联云 2020届春季校园招聘简章 注：疫情期间远程面试，武汉加油，中国加油！ 致亲爱的未来灵犀小伙伴： 我们是为了培养正式小伙伴的，所以我们来到这里，虽然没有实验室的导师保护，却有同门学长的悉心指导，即将离开熟悉校园走入职场的你，是否因找不到方向而迷茫，是否惶惑于未知带来的不安？相信你对青春有预期，对自我成长有预期，我们都相信一切美好的事物将在每位身上发生。 如果你有梦想，欢迎加入灵犀，我们将为你照亮前行的路，一起踏上青春新征程。 所以，如果您有志于此，欢迎简历投递至： liying@linkedsee.com 一、招聘对象 全球 2020届毕业生（毕业时间：2019年9月~2021年7月） 二 、岗位简介： 大数据算法工程师、深度学习算法工程师、大数据开发工程师、后端开发工程师、前端开发工程师、测试开发工程师、运维工程师。 三 、投递方式 邮箱投递： liying@linkedsee.com 四 、工作地点 总部：北京  朝阳 来广营 诚盈中心 5号楼1101 五 、公司介绍 www.linkedsee.com LinkedSee灵犀（北京灵犀联云科技有限公司），成立于2015年，核心创始团队来自百度，核心创始团队在百度工作超过十年， 负责整个百度超过50多万台服务器的IT基础设施的运维管理，管理过遍布全球近百个IDC，创造过业界最好的TCO水平和交付效率。在超级互联网公司积累了丰富的智能运维经验，是国内最早践行AIOps的运维团队。在百度的运维实践中，与国内顶级科研院所合作，结合自身的技术优势，成功实现了大规模运维场景下的数据中心节能方案、智能硬盘故障预测、智能容量预测和调度、智能网络流量预测和带宽优化等智能运维方案。LinkedSee灵犀的团队推出过全球首台ARM服务器，是中国天蝎项目的发起人和最大应用者，是中国首个将大数据技术成功应用于IT运营的团队。最为国内领先的AIOps厂商，目前融资超过1亿元人民币，先后获得天善资本、君联资本、红点创投、百度风投和美国中经合集团等投资机构的认可。  LinkedSee灵犀总部位于北京，在上海、广州，深圳、杭州，南京，济南等地设立了分支机构。 LinkedSee灵犀致力于提供企业级IT服务，提供云计算和大数据时代的智能IT运维产品和解决方案，帮助客户优化其IT基础设施以及网络和业务的可用性，TCO和运营效率，使其能够轻松拥有BAT级别的运维能力，满足客户不断增长的规模需求和IT架构迭代需求。 LinkedSee灵犀成立以来，成功为众多行业客户提供了智能运维解决方案，获得了众多客户的认可：包括青岛银行、红塔银行、宁波通商银行、河北银行、四川农行、工信部、美团云、搜狗、58同城、山东电信、湖南移动、人民日报、国美金融、长安通信等。公司算法团队由来自北京大学国内数独冠军以及中科院的算法专家组成，在AI运用于智能运维场景上有很多的成功实践，公司也申请了相关的算法专利。公司申请了包括聚类算法在内的10以上的专利。LinkedSee灵犀作为国内AIOps市场的领航者，成为GOPS牵头联合工信部发起的国内AIOps智能运维标准的首位发起成员单位，同时也获得了国际权威市场研究机构Gartner在AIOps市场领域的认可。 LinkedSee灵犀与国内众多厂商进行了广泛合作， 包括百度、青云、听云、上海天旦、Intel、Nvidia、Zabbix、中科院、清华等。 LinkedSee灵犀公司的发展历程： 2018年12月， 荣获2018年 GOLF金牌运维领导力论坛“AIOps年度优秀产品奖” 2018年11月，荣获GiTC全球互联网技术大会“互联网最具信赖产品奖”。 2018年7月，LinkedSee灵犀成为Gartner《2018年中国信息通信技术成熟度曲线》报告中认可的AIOps供应商。 2018年2月，A轮融资5000万元，百度风投、中经合领投，红点创投、君联资本跟投。 2018年1月，LinkedSee灵犀CTO获得Zabbix3.0高级认证。 2017年12月，荣膺“中国云体系产业创新战略联盟的理事单位”，一举斩获“中国新华新锐企业”和“中国信息化首选品牌”两大奖项。 2017年11月，荣获GiTC全球互联网技术大会“互联网最佳技术创新奖”。 2017年11月，LinkedSee灵犀成为Zabbix正式授权的中国区合作伙伴。 2016年12月，融资5000万元，红点资本、君联资本领投。 2015年12月，LinkedSee灵犀获得天使轮融资1000万元，天善资本领投。 目前， LinkedSee灵犀的客户涵盖金融、互联网、运营商、能源、政企等多个行业。LinkedSee灵犀旨在成为中国乃至全球企业云时代的智能IT运营专家，AIOps软件市场的领导者，打造AIOps中国第一品牌。   ,20/04/2020
http://www.yingjiesheng.com/job-004-595-736.html,江苏亮点光电科技有限公司,2020招聘," 招聘公告»详情   江苏亮点光电科技有限公司光电机械通信类相关专业招聘       工作城市： 北京市,浙江省  发布日期： 2020-04-1715:49    收藏   信息来源： 中国地质大学就业信息网 温馨提示：求职需提高谨慎，辨别信息真伪，勿上当受骗。     详情    公司简介：  江苏亮点光电科技有限公司成立于2017年，注册资金2000万元，实缴2000万元，总部位于苏州工业园区，拥有11000平方米的科研与生产面积，并设有北京分公司，无锡子公司，江苏光电研究院，是一家拥有自主知识产权的高新技术企业。  岗位介绍 一、激光器研发工程师（ 5 名） 16k~33k/北京/本科及以上 需求专业： 光学工程 岗位职责 : 1、负责公司产品所需各类激光器的研发及设计； 2、与其他技术人员合作进行产品整体方案的制定； 岗位要求 : 1、激光技术相关专业本科及以上学历； 2、具有全固态激光器研制的经验； 3、会对激光腔进行设计和仿真； 4、具有传导冷却的激光器的经验优先；  二、电路研发工程师（ 5 名） 16k~33k/北京、苏州/硕士及以上 需求专业： 通信工程 岗位职责： 1、负责公司产品数字电路部分的设计； 2、与公司其他技术人员合作进行产品整体方案设计； 岗位要求： 1、通信相关专业硕士及以上学历； 2、有FPGA电路和程序设计或嵌入式系统软硬件设计经验； 2、能进行电路原理和印制电路的设计仿真；  三、机械结构设计工程师（ 5 名） 16k~33k/北京/本科及以上 需求专业： 光学工程/机械工程 岗位职责： 1、负责公司产品机械结构的设计； 2、与其他技术人员合作进行产品整体方案的设计； 3、负责进行机械结构件加工过程的跟踪及沟通； 岗位要求： 1、光学工程、机械工程相关专业本科及以上学历； 2、熟悉机械结构设计和加工； 3、具有光学精密结构设计和调校经验优先；  四、光学系统设计工程师（ 5 名） 16k~33k/北京/本科及以上 需求专业： 光学工程 岗位职责： 1、负责公司产品中光学系统的设计； 2、与其他技术人员合作进行产品整体方案的设计； 岗位要求： 1、光学工程等相关专业本科及以上学历； 2、具有激光发射系统和激光接收系统设计经验和光学仪器调校经验； 3、会光学系统仿真；  联系方式： 联系人：周亦�F 联系电话：18210663143 联系邮箱： zhouyirong95@163.com 联系地址：北京市昌平区龙冠置业大厦A座505   ",20/04/2020
https://url.yingjiesheng.com/n21wnn,中国建设银行,,,20/04/2020
https://url.yingjiesheng.com/4mfyjm,华润集团润联科技,,,20/04/2020
https://url.yingjiesheng.com/dzyq31,携程旅行,,,20/04/2020
http://my.yingjiesheng.com/job_1003425.html,海伯高斯管理咨询（北京）有限公司,,,20/04/2020
http://my.yingjiesheng.com/job_1003458.html,浙江味斯美食品有限公司,,,20/04/2020
http://my.yingjiesheng.com/job_1003461.html,斯达哈伯软件技术（上海）有限公司,,,20/04/2020
